lat_long_present|platform_os|inventory_interstitial|inventory_source|platform_device_make|geo_metro|display_manager|video_companion_required|platform_os_version|placement_type|hour_of_day_utc|platform_device_screen_size|banner_height|rewarded|banner_width|geo_region|platform_bandwidth|app_bundle|value
1|Android|0|TREMOR|Amazon|512||0|5.1|VIDEO|12|XL||||USA/MD|||435.31265109777
1|Android|0|GOOGLE_ADX|LG|617|||8.0|BANNER|12|XL|250||300|USA/WI|||325.10191202163503
1|Android|0|TREMOR|Amazon|503||0|5.1|VIDEO|12|XL||||USA/GA|||344.6087241172751
1|Android||PUBMATIC|Motorola|527|||8.1|BANNER|12|XL|250||300|USA/IN|||226.5459485352
1|Windows|0|TREMOR|Microsoft|656||0|10.0|VIDEO|12|||||USA/FL|||333.22539180517003
1|Windows||GOOGLE_ADX||504|||8.1|BANNER|12||300||400|USA/DE|||77.841761521995
1|Android|0|TREMOR|HTC|527||0|9.0|VIDEO|12|XL||||USA/IN|||404.539965093135
1|Windows|0|APPNEXUS|Microsoft|618|||10.0|BANNER|12||250||300|USA/TX|CONNECTION_UNKNOWN||320.128127932545
1|Windows|0|RUBICON||501|||10.0|BANNER|12||250||300|USA/NJ|CONNECTION_UNKNOWN||91.925673186775
1|Chrome OS|0|TREMOR||539||0||VIDEO|12|||||USA/FL|||43.360013514754996
1|Android||PUBMATIC|Amazon|561|||4.4|BANNER|12|XL|250||300|USA/FL|||321.30546867847
1|Windows|0|TREMOR||602||0|8.1|VIDEO|12|||||USA/IL|||140.71516692638
1|OS X||OPENX|Apple|523|||10.13|BANNER|12||250||300|USA/NH|||293.47226023674
1|Windows||GOOGLE_ADX||746|||8.1|BANNER|12||250||300|USA/MS|||95.01805528998
1|Windows|0|TREMOR||532||0|10.0|VIDEO|12|||||USA/NY|||57.06140771508
1|Android||PUBMATIC|Alcatel|641|||7.0|BANNER|12|XL|250||300|USA/TX|||312.335211783645
1|Windows||GOOGLE_ADX|Microsoft||||10.0|BANNER|12||250||300|USA/TX|||303.67067083716
1|Windows|0|TREMOR|Microsoft|538||0|10.0|VIDEO|12|||||USA/NY|||162.22050413489004
1|Windows|0|TREMOR||617||0|10.0|VIDEO|12|||||USA/WI|||76.04507729411
1|Windows|0|TREMOR||616||0|10.0|VIDEO|12|||||USA/MO|||52.6575371623
1|OS X|0|TREMOR|Apple|533||0|10.12|VIDEO|12|||||USA/CT|||283.04615989327
1|Windows|0|OPENX||500|||10.0|BANNER|12||250||300|USA/ME|||58.42339247465
1|iOS|0|TREMOR|Apple|611||0|12.0|VIDEO|12|XL||||USA/MN|||337.08594739436995
1|Android|0|TREMOR|Motorola|641||0|8.0|VIDEO|12|XL||||USA/TX|||221.203882247205
1|Windows|0|TREMOR||571||0|10.0|VIDEO|12|||||USA/FL|||76.2977451086
1|Windows|0|APPNEXUS||571|||10.0|BANNER|12||250||300|USA/FL|CONNECTION_UNKNOWN||32.430011779065005
1|Windows|0|TREMOR|Microsoft|547||0|10.0|VIDEO|12|||||USA/OH|||266.88747107982505
1|Android|0|GOOGLE_ADX|LG|512|||9.0|BANNER|12|XL|251||300|USA/MD|||408.49745273589997
1|Android|0|TREMOR|Essential|504||0|9.0|VIDEO|12|XL||||USA/PA|||325.67560672760004
1|Windows|0|RUBICON||515|||10.0|BANNER|12||250||300|USA/IN|CONNECTION_UNKNOWN||6.71500340104
1|Android||PUBMATIC|Google|803|||9.0|BANNER|12|XL|250||300|USA/CA|||479.8115417361249
1|iOS||PUBMATIC|Apple|722|||12.0|BANNER|12|M|250||300|USA/NE|||212.3143710196
1|OS X||PUBMATIC||544|||10.14|BANNER|12||250||300|USA/VA|||42.33710467815
1|OS X|0|TREMOR|Apple|659||0|10.9|VIDEO|12|||||USA/TN|||287.70180419087
1|Windows|0|TREMOR||||0|10.0|VIDEO|12|||||CAN/ON|||116.21959507465
1|iOS|0|RUBICON|Apple|561|||12.0|BANNER|12|M|250||300|USA/FL|CONNECTION_UNKNOWN||210.21466702222503
1|OS X|0|TREMOR|Apple|770||0|10.13|VIDEO|12|||||USA/UT|||269.79343965649497
1|Android|0|TREMOR|Samsung|623||0|9.0|VIDEO|12|XL||||USA/TX|||410.49402207136
1|OS X|0|TREMOR|Apple|640||0|10.14|VIDEO|12|||||USA/TN|||306.60070478916003
1|Windows|0|APPNEXUS||505|||10.0|BANNER|12||250||300|USA/MI|CONNECTION_UNKNOWN||78.84608581661999
1|OS X|0|TREMOR|Apple|825||0|10.13|VIDEO|12|||||USA/CA|||281.178094446655
1|Windows||OPENX||538|||10.0|BANNER|12||250||300|USA/NY|||0.0
1|Android|0|TREMOR|Samsung|501||0|7.1|VIDEO|12|XL||||USA/NJ|||389.73379880189503
1|Windows|0|RUBICON|Microsoft|602|||10.0|BANNER|12||250||300|USA/IL|CONNECTION_UNKNOWN||317.77314841747
1|Windows|0|TREMOR||505||0|7.0|VIDEO|12|||||USA/MI|||122.71381914615499
1|iOS|0|TREMOR|Apple|628||0|12.0|VIDEO|12|M||||USA/LA|||373.14623594284
1|Windows||PUBMATIC||505|||7.0|BANNER|12||250||300|USA/MI|||103.95562276244
1|Windows|0|TREMOR||618||0|7.0|VIDEO|12|||||USA/TX|||143.070146441455
1|Windows|0|TREMOR|Microsoft|539||0|10.0|VIDEO|12|||||USA/FL|||264.28572833538
1|Windows||PUBMATIC||504|||10.0|BANNER|12||250||300|USA/PA|||30.71805462241
1|Windows||PUBMATIC||548|||7.0|BANNER|12||250||300|USA/FL|||0.0
1|iOS|0|GOOGLE_ADX|Apple|619|||12.0|BANNER|12|XL|250||300|USA/MO|||292.983800172805
1|OS X||OPENX|Apple|515|||10.1|BANNER|12||250||300|USA/OH|||264.56888765096505
1|Windows|0|OPENX||501|||10.0|BANNER|12||250||300|USA/NY|||142.272152006625
1|Android|0|TREMOR|Samsung|602||0|8.0|VIDEO|12|XL||||USA/IL|||394.655540585515
1|iOS|0|GOOGLE_ADX|Apple|548|||12.0|BANNER|12|M|250||300|USA/FL|||188.84262070059498
1|Android|0|TREMOR|Samsung|504||0|9.0|VIDEO|12|XL||||USA/NJ|||300.24761334061503
1|Windows|0|TREMOR||753||0|10.0|VIDEO|12|||||USA/AZ|||96.30652144551
1|Android||PUBMATIC|Samsung|537|||8.0|BANNER|12|XL|250||300|USA/ME|||434.95863676071
1|iOS|0|TREMOR|Apple|757||0|12.0|VIDEO|12|M||||USA/ID|||280.964914709325
1|iOS|0|TREMOR|Apple|567||0|11.0|VIDEO|12|XL||||USA/NC|||201.38716325163503
1|Windows||OPENX||547|||7.0|BANNER|12||250||300|USA/OH|||27.203541249035
1|Windows||OPENX||506|GOOGLE||10.0|BANNER|12||250||300|USA/MA|||134.20565053820502
1|Windows||PUBMATIC||505|||7.0|BANNER|12||250||300|USA/MI|||103.95562276244
1|Android|0|TREMOR|Samsung|501||0|8.0|VIDEO|12|XL||||USA/NY|||414.970740675925
1|Android|0|RUBICON|Samsung|521|||8.0|BANNER|12|XL|250||300|USA/RI|CONNECTION_UNKNOWN||192.402265965935
1|Windows|0|TREMOR|Microsoft|563||0|10.0|VIDEO|12|||||USA/MI|||282.01637789606997
1|Android|0|APPNEXUS|LG|501|||7.0|BANNER|12|XL|250||300|USA/NJ|CONNECTION_UNKNOWN||359.740704298015
1|Android||INDEX_EXCHANGE|LG|571|||6.0|BANNER|12|XL|250||300|USA/FL|||325.354561209675
1|Windows||PUBMATIC||588|||10.0|BANNER|12||250||300|USA/MI|||42.332466691730005
1|Android|0|TREMOR||508||0|9.0|VIDEO|12|||||USA/PA|||159.79703515767997
1|Windows||GOOGLE_ADX||548|||10.0|BANNER|12||250||300|USA/FL|||0.0
1|Windows|0|TREMOR||511||0|10.0|VIDEO|12|||||USA/VA|||50.44665187597
1|iOS|0|TREMOR|Apple|678||0|12.0|VIDEO|12|M||||USA/KS|||296.243522316215
1|Android|1|UNITY|Huawei||unity sdk|0|8.0|VIDEO|12|XL||1||TUR/34|WIFI|com.masomo.headball2|402.64420211315
1|Windows||GOOGLE_ADX||561|||10.0|BANNER|12||250||250|USA/FL|||45.433454215524996
1|iOS|0|TREMOR|Apple|522||0|12.0|VIDEO|12|M||||USA/GA|||390.24896919726996
1|Windows|0|TREMOR||||0|10.0|VIDEO|12|||||TN|||116.21959507465
1|Android|0|GOOGLE_ADX|Google|501|||9.0|BANNER|12|XL|250||300|USA/NJ||com.ap.philly|393.56168359518
1|Windows|0|RUBICON||635|||10.0|BANNER|12||250||300|USA/TX|CONNECTION_UNKNOWN||57.63541907071999
1|Android||THIRTY_THREE_ACROSS|LG|504|||8.1|BANNER|12|XL|250||300|USA/PA|||298.53308573365
1|Windows|0|OPENX||511|||10.0|BANNER|12||250||300|USA/VA|||31.688455492255006
1|Android|0|RUBICON|LG|630|||9.0|BANNER|12|XL|250||300|USA/AL|CONNECTION_UNKNOWN||359.00555551052
1|Windows|0|TREMOR||504||0|10.0|VIDEO|12|||||USA/NJ|||46.30722105503
1|Android|0|TREMOR|Samsung|524||0|8.0|VIDEO|12|XL||||USA/GA|||454.29855585098
1|Windows|0|APPNEXUS||521|||10.0|BANNER|12||250||300|USA/RI|CONNECTION_UNKNOWN||0.0
1|Windows|0|TREMOR||518||0|10.0|VIDEO|12|||||USA/NC|||53.054336458440005
1|Windows|0|APPNEXUS|Microsoft|504|||10.0|BANNER|12||250||300|USA/NJ|CONNECTION_UNKNOWN||223.365202546115
1|Windows||OPENX||539|||10.0|BANNER|12||250||300|USA/FL|||24.60179850459
1|Windows|0|TREMOR||551||0|10.0|VIDEO|12|||||USA/MI|||61.090663075445
1|Windows|0|IMPROVE|Microsoft|510|||10.0|BANNER|12||90||728|USA/OH|CONNECTION_UNKNOWN||287.99321502447003
1|Android|0|TREMOR|Samsung|618||0|7.0|VIDEO|12|XL||||USA/TX|||397.01052010059004
1|Android||PUBMATIC|Motorola|506|||7.0|BANNER|12|XL|250||300|USA/MA|||303.092822432515
1|Android|0|GOOGLE_ADX|Motorola|505|||8.0|BANNER|12|XL|50||320|USA/MI|||272.842813283205
1|Windows||OPENX||501|GOOGLE||10.0|BANNER|12||250||300|USA/NY|||142.272152006625
1|Windows|0|TREMOR||548||0|8.0|VIDEO|12|||||USA/FL|||17.710048705334998
1|iOS|0|TREMOR|Apple|825||0|12.0|VIDEO|12|XL||||USA/CA|||316.44217669963496
1|Windows||PUBMATIC||515|||10.0|BANNER|12||250||300|USA/OH|||47.6760789752
1|OS X||PUBMATIC||560|||10.14|BANNER|12||250||300|USA/NC|||34.29615870118
1|Android|0|GOOGLE_ADX|Motorola|519|||8.0|BANNER|12|XL|50||320|USA/SC|||142.25946739315498
1|OS X|0|TREMOR||623||0|10.12|VIDEO|12|||||USA/TX|||156.553648412225
1|Windows|0|TREMOR|Microsoft|602||0|10.0|VIDEO|12|||||USA/IL|||361.640900373455
1|Android|0|RUBICON|Samsung|616|||8.0|BANNER|12|XL|250||300|USA/MO|CONNECTION_UNKNOWN||262.73019611835
1|Android||PUBMATIC|Samsung|539|||8.1|BANNER|12|XL|250||300|USA/FL|||278.542209416625
1|Chrome OS||OPENX||504||||BANNER|12||250||300|USA/PA|||30.71805462241
1|Chrome OS|0|TREMOR||506||0||VIDEO|12|||||USA/MA|||152.96382829546502
1|OS X||PUBMATIC|Apple|567|||10.14|BANNER|12||250||300|USA/SC|||190.26508554816
1|Windows|0|TREMOR||648||0|10.0|VIDEO|12|||||USA/IL|||117.772705852985
1|Windows|0|TREMOR|Microsoft|505||0|10.0|VIDEO|12|||||USA/MI|||343.639515340325
1|Android|0|GOOGLE_ADX|Samsung|528|||6.0|BANNER|12|XL|600||300|USA/FL|||374.84064698219
1|Android|0|GOOGLE_ADX|Google|503|||9.0|BANNER|12|XL|250||300|USA/GA|||326.504968106745
1|iOS||PUBMATIC|Apple|515|||11.0|BANNER|12|M|250||300|USA/IN|||117.89126321673
1|Android|0|TREMOR|SPC|862||0|7.1|VIDEO|12|L||||USA/CA|||378.704145550725
1|OS X|0|RUBICON||501|||10.13|BANNER|12||90||728|USA/NJ|CONNECTION_UNKNOWN||91.925673186775
1|Windows|0|TREMOR||573||0|10.0|VIDEO|12|||||USA/VA|||3.9807893335799998
1|Android|0|GOOGLE_ADX|Samsung|511|||9.0|BANNER|12|XL|50||320|USA/VA|||285.62884777784
1|Android|0|TREMOR|Samsung|505||0|6.0|VIDEO|12|XL||||USA/MI|||376.65419280529
1|Windows|0|TREMOR||||0|7.0|VIDEO|12|||||USA/CO|||90.99543094634998
1|Windows|0|TREMOR||518||0|10.0|VIDEO|12|||||USA/NC|||53.054336458440005
1|Windows|0|APPNEXUS||625|||7.0|BANNER|12||250||300|USA/TX|CELL_UNKNOWN||52.512194961305
1|Windows||OPENX||528|||7.0|BANNER|12||250||300|USA/FL|||120.900254696605
1|Windows|0|APPNEXUS||529|||10.0|BANNER|12||250||300|USA/IN|CONNECTION_UNKNOWN||17.23954454064
1|Android|0|GOOGLE_ADX|LG||||8.1|BANNER|12|XL|250||300|Florida||com.speech.text.translate|365.276411175725
1|Windows||PUBMATIC||648|||10.0|BANNER|12||250||300|USA/IL|||99.01450946927
1|Android|0|TREMOR|Amazon|511||0|5.1|VIDEO|12|XL||||USA/VA|||326.31866633891997
1|Android|0|TREMOR|Amazon|531||0|5.1|VIDEO|12|XL||||USA/TN|||388.21123540401004
1|Chrome OS||OPENX||507||||BANNER|12||250||300|USA/GA|||181.86332657933
1|Windows|0|TREMOR|Microsoft|659||0|10.0|VIDEO|12|||||USA/TN|||291.73471033573
1|OS X|0|TREMOR|Apple|501||0|10.14|VIDEO|12|||||USA/NJ|||352.686196565625
1|Windows|0|TREMOR|Microsoft|613||0|10.0|VIDEO|12|||||USA/MN|||301.90639197826005
1|Windows||PUBMATIC||565|||10.0|BANNER|12||250||300|USA/NY|||120.69186195731
1|Windows|0|TREMOR||505||0|7.0|VIDEO|12|||||USA/MI|||122.71381914615499
1|OS X|0|TREMOR|Apple|||0|10.1|VIDEO|12|||||AUS/WA|||333.11240375041496
1|Windows|0|APPNEXUS|Microsoft|511|||8.0|BANNER|12||250||300|USA/WV|CONNECTION_UNKNOWN||369.96655166149003
1|iOS||INDEX_EXCHANGE|Apple|686|||11.0|BANNER|12|XL|250||300|USA/FL|||224.11735728383
1|Android|0|APPNEXUS|LG|751|||8.1|BANNER|12|XL|250||300|USA/CO|CELL_UNKNOWN||344.68654543161
1|Android|0|RUBICON|Samsung|501|||5.1|BANNER|12|XL|250||300|USA/NY|CONNECTION_UNKNOWN||371.10298871993996
1|Windows|0|TREMOR||556||0|7.0|VIDEO|12|||||USA/VA|||31.864438205954997
1|Windows||PUBMATIC||501|||10.0|BANNER|12||250||300|USA/NY|||142.272152006625
1|Android|0|APPNEXUS|Samsung|609|||6.0|BANNER|12|XL|250||300|USA/MO|CELL_UNKNOWN||361.06109619140506
1|Android|0|RUBICON|Samsung|602|||7.1|BANNER|12|XL|250||300|USA/IL|CONNECTION_UNKNOWN||350.78782588242996
1|Windows|0|TREMOR|Microsoft|528||0|10.0|VIDEO|12|||||USA/FL|||360.58414727449
1|Windows||PUBMATIC||598|||7.0|BANNER|12||250||300|USA/WV|||37.64363005757
1|Android|0|GOOGLE_ADX|LG||||5.1|BANNER|12|L|250||300|USA/KY|||250.10485202074
1|Windows|0|TREMOR||862||0|10.0|VIDEO|12|||||USA/CA|||158.29423442482502
1|Windows|0|OPENX|Microsoft|564|||10.0|BANNER|12||250||300|USA/OH|||193.33027303218503
1|Windows|0|TREMOR||613||0|10.0|VIDEO|12|||||USA/MN|||80.98067715764002
1|Windows|0|TREMOR|Microsoft|616||0|10.0|VIDEO|12|||||USA/KS|||270.81314474344
1|Windows||GOOGLE_ADX|Microsoft|532|||10.0|BANNER|12||250||300|USA/NY|||259.22894477844
1|Windows|0|TREMOR||807||0|7.0|VIDEO|12|||||USA/CA|||136.74065470694998
1|Windows||PUBMATIC||573|||10.0|BANNER|12||250||300|USA/VA|||0.0
1|Windows||GOOGLE_ADX||560|||10.0|BANNER|12||250||300|USA/NC|||34.29615870118
1|Windows|0|TREMOR||540||0|10.0|VIDEO|12|||||USA/MI|||0.0
1|Windows||PUBMATIC||505|||10.0|BANNER|12||250||300|USA/MI|||103.95562276244
1|Android|0|RUBICON|Samsung|517|||8.1|BANNER|12|XL|250||300|USA/NC|CONNECTION_UNKNOWN||295.65516859292495
1|iOS|0|TREMOR|Apple|548||0|12.0|VIDEO|12|XL||||USA/FL|||269.86692100762997
1|Windows|0|TREMOR|Microsoft|||0|10.0|VIDEO|12|||||CAN/ON|||337.14529126882496
1|Windows|0|AOL||515|||7.0|BANNER|12||250||300|USA/OH|||47.6760789752
1|OS X|0|TREMOR||539||0|10.12|VIDEO|12|||||USA/FL|||43.360013514754996
1|iOS|0|GOOGLE_ADX|Apple|679|||11.0|BANNER|12|M|50||320|USA/IA|||72.65081629157
1|Windows||GOOGLE_ADX||658|||7.0|BANNER|12||250||300|USA/WI|||0.0
1|Windows||PUBMATIC||724|||10.0|BANNER|12||250||300|USA/MN|||65.152440220115
1|Windows|0|RUBICON||551|||10.0|BANNER|12||250||300|USA/MI|CONNECTION_UNKNOWN||17.222929745909997
1|Windows||INDEX_EXCHANGE|Microsoft|501|||10.0|BANNER|12||250||300|USA/NY|||363.19784820079497
1|Windows|0|TREMOR||513||0|10.0|VIDEO|12|||||USA/MI|||88.22338655591
1|Windows|0|TREMOR||751||0|7.0|VIDEO|12|||||USA/CO|||90.22010490298001
1|Android|1|MOPUB|Lava||mopub|1|6.0|BANNER_AND_VIDEO|12|L|320||480|MEX/MEX|WIFI|com.masomo.headball2|333.957038819785
1|OS X||GOOGLE_ADX|Apple|576|||10.9|BANNER|12||250||300|USA/DE|||362.371206283565
1|Android||PUBMATIC|LG|881|||8.0|BANNER|12|XL|250||300|USA/ID|||292.706247419115
1|iOS|0|TREMOR|Apple|623||0|12.0|VIDEO|12|XL||||USA/TX|||408.71053934097
1|Windows|0|RUBICON|Microsoft|534|||10.0|BANNER|12||250||300|USA/FL|CONNECTION_UNKNOWN||255.48107922077003
1|Android|0|OPENX|Samsung|718|||8.0|BANNER|12|XL|250||300|USA/MS|||261.80453598498997
1|iOS|0|TREMOR|Apple|508||0|12.0|VIDEO|12|XL||||USA/PA|||369.31522190570496
1|Android|0|GOOGLE_ADX|Motorola||||8.0|BANNER|12|XL|250||300|Florida|||266.3485892117
1|iOS|0|TREMOR|Apple|546||0|12.0|VIDEO|12|XL||||USA/SC|||338.50871026515506
1|OS X|0|TREMOR|Apple|828||0|10.13|VIDEO|12|||||USA/CA|||375.28820335865
1|Windows|0|APPNEXUS||571|||7.0|BANNER|12||250||300|USA/FL|CONNECTION_UNKNOWN||32.430011779065005
1|Windows|0|TREMOR|Microsoft|||0|10.0|VIDEO|12|||||AUS/QLD|||337.14529126882496
1|iOS|0|GOOGLE_ADX|Apple|506|||12.0|BANNER|12|M|280||336|USA/MA|||324.096381664275
1|iOS|0|GOOGLE_ADX|Apple|534|||12.0|BANNER|12|M|250||300|USA/FL|||249.55566972494
1|Windows|0|TREMOR||820||0|10.0|VIDEO|12|||||USA/OR|||121.54173105955
1|Windows|0|TREMOR||560||0|10.0|VIDEO|12|||||USA/NC|||53.054336458440005
1|Windows|0|TREMOR||592||0|7.0|VIDEO|12|||||USA/FL|||140.584260225295
1|iOS|0|TREMOR|Apple|514||0|12.0|VIDEO|12|XL||||USA/NY|||292.90543869137497
1|Windows|0|APPNEXUS||555|||10.0|BANNER|12||250||300|USA/NY|CELL_UNKNOWN||78.24741303920499
1|Windows|0|RUBICON|Microsoft|511|||10.0|BANNER|12||250||300|USA/MD|CONNECTION_UNKNOWN||410.568267107005
1|Android|0|RUBICON|Alcatel|506|||7.0|BANNER|12|XL|250||300|USA/NH|CONNECTION_UNKNOWN||332.29187130927994
1|Windows|0|TREMOR||||0|10.0|VIDEO|12|||||AUS/VIC|||116.21959507465
1|Android|0|OPENX|Motorola|573|||7.0|BANNER|12|XL|250||300|USA/VA|||154.109764844175
1|Android|0|TEADS|Samsung|753|Teads Technology||8.0|BANNER|12|XL|250||300|USA/AZ|||331.48869872093
1|OS X|0|TREMOR|Apple|613||0|10.13|VIDEO|12|||||USA/MN|||297.873485833405
1|Windows|0|APPNEXUS||533|||10.0|BANNER|12||250||300|USA/CT|CONNECTION_UNKNOWN||22.285599261519998
1|iOS|0|TREMOR|Apple|501||0|12.0|VIDEO|12|XL||||USA/NY|||413.18722069263004
1|OS X||PUBMATIC|Apple|659|||10.12|BANNER|12||250||300|USA/TN|||268.943607807155
1|Windows||OPENX||635|||10.0|BANNER|12||250||300|USA/TX|||82.74497464299
1|iOS|0|TREMOR|Apple|560||0|12.0|VIDEO|12|XL||||USA/NC|||305.211227387185
1|Windows||PUBMATIC||508|||7.0|BANNER|12||250||300|USA/PA|||98.40017184614999
1|Windows||OPENX||573|||7.0|BANNER|12||250||300|USA/VA|||0.0
1|Android|0|GOOGLE_ADX|Samsung|557|||9.0|BANNER|12|XL|250||300|USA/TN|||255.98431006073503
1|Windows|0|TREMOR||567||0|10.0|VIDEO|12|||||USA/SC|||0.0
1|iOS|0|GOOGLE_ADX|Apple|501|||12.0|BANNER|12|XL|250||300|USA/NJ||419202474|369.19213831424497
1|iOS|0|TREMOR|Apple|528||0|10.0|VIDEO|12|XL||||USA/FL|||371.64986133575
1|Windows|0|TREMOR||622||0|10.0|VIDEO|12|||||USA/LA|||39.71358761191
1|Windows|0|TREMOR||652||0|10.0|VIDEO|12|||||USA/NE|||17.939079552884998
1|iOS|0|APPNEXUS|Apple|501|||12.0|BANNER|12|M|250||300|USA/NY|CONNECTION_UNKNOWN||307.05334618687505
1|OS X|0|TREMOR|Apple|501||0|10.13|VIDEO|12|||||USA/NY|||377.92310118675005
1|Windows|0|OPENX||539|||7.0|BANNER|12||250||300|USA/FL|||24.60179850459
1|Android|0|TREMOR|LG|524||0|9.0|VIDEO|12|XL||||USA/GA|||468.17325055598997
1|Windows|0|RUBICON||705|||7.0|BANNER|12||250||300|USA/WI|CONNECTION_UNKNOWN||34.977737814185
1|Chrome OS||OPENX||523||||BANNER|12||250||300|USA/VT|||13.3509747684
1|Windows|0|TREMOR||602||0|10.0|VIDEO|12|||||USA/IL|||140.71516692638
1|Windows||PUBMATIC||518|||7.0|BANNER|12||250||300|USA/NC|||34.29615870118
1|Windows||GOOGLE_ADX|||||10.0|BANNER|12||250||300|JPN/14|||97.461398690935
1|OS X|0|TREMOR|Apple|514||0|10.13|VIDEO|12|||||USA/NY|||257.64135643839495
1|Android|0|GOOGLE_ADX|ZTE|521|||6.0|BANNER|12|XL|250||300|USA/RI|||239.86792191863
1|iOS|0|TREMOR|Apple|528||0|12.0|VIDEO|12|M||||USA/FL|||329.54920083284003
1|Windows|0|TREMOR||524||0|10.0|VIDEO|12|||||USA/GA|||200.358182191845
1|Android|0|GOOGLE_ADX|Google|512|||9.0|BANNER|12|XL|250||300|USA/MD|||417.20889508723997
1|Android|0|GOOGLE_ADX|Samsung|501|||7.0|BANNER|12|XL|250||300|USA/NJ||com.colorphone.smooth.dialer|370.975621044635
1|Android|0|GOOGLE_ADX|Samsung|510|||8.0|BANNER|12|XL|100||320|USA/OH|||346.117466688155
1|iOS|0|TREMOR|Apple|635||0|12.0|VIDEO|12|XL||||USA/TX|||353.66002470254506
1|Windows||OPENX||561|||10.0|BANNER|12||250||300|USA/FL|||45.433454215524996
1|Windows|0|RUBICON|Microsoft|501|||10.0|BANNER|12||250||300|USA/NJ|CONNECTION_UNKNOWN||312.85136938095
1|Windows|0|RUBICON||602|||7.0|BANNER|12||250||300|USA/IL|CONNECTION_UNKNOWN||96.84743359684501
1|OS X||OPENX|Apple|635|GOOGLE||10.14|BANNER|12||250||300|USA/TX|||299.637764692305
1|Android|0|TREMOR|OnePlus|539||0|9.0|VIDEO|12|XL||||USA/FL|||319.53826546669
1|Windows|0|TREMOR|Microsoft|669||0|10.0|VIDEO|12|||||USA/WI|||286.621563136575
1|OS X|0|RUBICON|Apple|537|||10.13|BANNER|12||250||300|USA/ME|CONNECTION_UNKNOWN||372.80149757862
1|OS X|0|TREMOR|Apple|510||0|10.13|VIDEO|12|||||USA/OH|||327.828042209145
1|Windows||GOOGLE_ADX|Microsoft|518|||10.0|BANNER|12||250||300|USA/NC|||255.22187352179998
1|Windows||PUBMATIC||679|||8.1|BANNER|12||250||300|USA/IA|||0.0
1|Windows||PUBMATIC||576|||10.0|BANNER|12||250||300|USA/DE|||145.47841623425
1|Windows|0|RUBICON|Microsoft|548|||10.0|BANNER|12||250||300|USA/FL|CONNECTION_UNKNOWN||194.768030196425
1|Windows||PUBMATIC||566|||10.0|BANNER|12||250||300|USA/PA|||69.446880370375
1|iOS|0|GOOGLE_ADX|Apple|561|||12.0|BANNER|12|M|250||300|USA/FL|||235.32420396804503
1|Windows|0|TREMOR||547||0|10.0|VIDEO|12|||||USA/OH|||45.9617562592
1|Windows||GOOGLE_ADX||538|||10.0|BANNER|12||250||300|USA/NY|||0.0
1|iOS|0|RUBICON|Apple|545|||12.0|BANNER|12|M|250||300|USA/NC|CONNECTION_UNKNOWN||127.23360210657
1|Windows|0|TREMOR||671||0|10.0|VIDEO|12|||||USA/KS|||0.0
1|OS X|0|TREMOR|Apple|526||0|10.14|VIDEO|12|||||USA/NY|||337.617248296735
1|Windows||OPENX||555|||10.0|BANNER|12||250||300|USA/NY|||72.8378072381
1|Android|0|RUBICON|TCL|510|||8.1|BANNER|12|L|250||300|USA/OH|CONNECTION_UNKNOWN||118.82649734616001
1|Windows|0|TREMOR|Microsoft|641||0|10.0|VIDEO|12|||||USA/TX|||273.242387920615
1|OS X|0|TREMOR|Apple|659||0|10.11|VIDEO|12|||||USA/TN|||287.70180419087
1|Android|0|RUBICON|Samsung|534|||9.0|BANNER|12|XL|250||300|USA/FL|CONNECTION_UNKNOWN||288.49573805928003
1|LG proprietary|0|PULSEPOINT|LG|508||||BANNER|12||250||300|USA/PA|||310.94158068299
1|Android|0|GOOGLE_ADX|Samsung|517|||8.0|BANNER|12|XL|250||300|USA/NC||com.futbin|320.764705538745
1|iOS||INDEX_EXCHANGE|Apple|501|||12.0|BANNER|12|M|250||300|USA/NJ|||306.92597851157
1|OS X||PUBMATIC|Apple|548|||10.14|BANNER|12||250||300|USA/FL|||215.84467962384
1|Android|0|TREMOR|Motorola|807||0|8.1|VIDEO|12|XL||||USA/CA|||305.627826601265
1|Windows|0|TREMOR||659||0|8.1|VIDEO|12|||||USA/TN|||70.808995515105
1|Windows||PUBMATIC||770|||10.0|BANNER|12||250||300|USA/UT|||34.142453223465
1|iOS|0|TREMOR|Apple|||0|12.0|VIDEO|12|XL||||CAN/ON|||368.376448750495
1|Android|0|GOOGLE_ADX|Samsung|518|||8.1|BANNER|12|XL|250||300|USA/NC|||288.236532360315
1|Android|0|GOOGLE_ADX|LG|505|||7.0|BANNER|12|XL|250||300|USA/MI|||371.77063524722996
1|Windows||PUBMATIC||536|||8.1|BANNER|12||250||300|USA/OH|||93.12791749835
1|Windows|0|TREMOR||||0|10.0|VIDEO|12|||||CAN/NB|||116.21959507465
1|Android||PUBMATIC|Motorola|510|||8.0|BANNER|12|XL|250||300|USA/OH|||261.06424629687996
1|Windows|0|RUBICON|Microsoft|517|||10.0|BANNER|12||250||300|USA/NC|CONNECTION_UNKNOWN||262.640491127965
1|Android||PUBMATIC|Samsung|724|||7.0|BANNER|12|XL|250||300|USA/ND|||801.3896644115399
1|Windows|0|RUBICON|Microsoft|523|||10.0|BANNER|12||250||300|USA/NY|CONNECTION_UNKNOWN||314.23896551132003
1|Android|0|GOOGLE_ADX|Motorola||||8.1|BANNER|12|XL|250||300|USA/IL|||267.90169999003
1|Windows|0|TREMOR|Microsoft|630||0|10.0|VIDEO|12|||||USA/AL|||355.983972549435
1|Android||PUBMATIC|LG|504|||8.1|BANNER|12|XL|250||300|USA/PA|||298.53308573365
1|Windows||OPENX||561|||7|BANNER|12||250||300|USA/FL|||45.433454215524996
1|Windows||OPENX||548|||7|BANNER|12||250||300|USA/FL|||0.0
1|Windows|0|APPNEXUS||504|||7|BANNER|12||250||300|USA/PA|CONNECTION_UNKNOWN||5.60851767659
1|Windows||PUBMATIC||531|||10|BANNER|12||250||300|USA/TN|||93.5810059309
1|Windows|0|TREMOR||617||0|10|VIDEO|12|||||USA/WI|||76.04507729411
1|Windows|0|TREMOR||547||0|10|VIDEO|12|||||USA/OH|||45.9617562592
1|Windows|0|TREMOR||||0|7|VIDEO|12|||||KOR/26|||116.21959507465
1|Android|0|GOOGLE_ADX|Samsung|535|||7.0|BANNER|12|XL|250||300|USA/OH|||450.548157095905
1|Chrome OS|0|TREMOR||652||0|-1|VIDEO|12|||||USA/NE|||17.939079552884998
1|Windows|0|TREMOR||524||0|XP|VIDEO|12|||||USA/GA|||200.358182191845
1|Windows|0|TREMOR||||0|7|VIDEO|12|||||AUS/NSW|||116.21959507465
1|Windows||PUBMATIC||548|||10|BANNER|12||250||300|USA/FL|||0.0
1|Windows|0|TREMOR|Microsoft|500||0|10|VIDEO|12|||||USA/ME|||298.107285052535
1|Windows|0|TREMOR||630||0|10|VIDEO|12|||||USA/AL|||135.05823910236
1|Windows|0|RUBICON||525|||7|BANNER|12||250||300|USA/GA|CONNECTION_UNKNOWN||156.49044886231002
1|Windows||PUBMATIC||501|||10|BANNER|12||250||300|USA/NY|||142.272152006625
1|Windows||PUBMATIC||539|||10|BANNER|12||250||300|USA/FL|||24.60179850459
1|Windows|0|RUBICON|Microsoft|508|||10|BANNER|12||250||300|USA/PA|CONNECTION_UNKNOWN||294.2163310945
1|Windows|0|TREMOR||637||0|10|VIDEO|12|||||USA/IA|||92.60304272174501
1|Windows|0|RUBICON||679|||10|BANNER|12||250||300|USA/IA|CONNECTION_UNKNOWN||0.0
1|iOS||INDEX_EXCHANGE|Apple|612|||12|BANNER|12|M|250||300|USA/LA|||334.13182944058997
1|Android|0|RUBICON|Samsung|511|||7.0|BANNER|12|XL|250||300|USA/MD|CONNECTION_UNKNOWN||548.013672232625
1|iOS||INDEX_EXCHANGE|Apple|510|||12|BANNER|12|M|250||300|USA/OH|||261.902324855325
1|iOS|0|TREMOR|Apple|501||0|12|VIDEO|12|M||||USA/NJ|||305.51867559552
1|Android||PUBMATIC|Samsung|504|||9|BANNER|12|XL|250||300|USA/PA|||284.658446907995
1|iOS|0|TREMOR|Apple|642||0|12|VIDEO|12|XL||||USA/LA|||415.15614837408003
1|iOS|0|TREMOR|Apple|600||0|12|VIDEO|12|XL||||USA/TX|||333.494544029235
1|Windows|0|RUBICON||510|||10|BANNER|12||250||300|USA/OH|CONNECTION_UNKNOWN||67.067500203845
1|Android|0|GOOGLE_ADX|Samsung|506|||8.0|BANNER|12|XL|250||300|USA/NH|||291.51270166039
1|Windows|0|TREMOR||548||0|10|VIDEO|12|||||USA/FL|||17.710048705334998
1|Windows||PUBMATIC|Microsoft|659|||10|BANNER|12||250||300|USA/TN|||272.97653257846497
1|Windows||GOOGLE_ADX||508|||10|BANNER|12||250||300|USA/PA|||98.40017184614999
1|Android||PUBMATIC|LG|551|||8.0|BANNER|12|XL|250||300|USA/MI|||269.095096737145
1|Windows|0|TREMOR||641||0|7|VIDEO|12|||||USA/TX|||52.316673099990005
1|Android|0|GOOGLE_ADX|LG|524|||7.1|BANNER|12|XL|250||300|USA/GA|||458.29594135284003
1|iOS|0|TREMOR|Apple|||0|12|VIDEO|12|M||||FL|||285.94484552741
1|Windows|0|TREMOR||577||0|10|VIDEO|12|||||USA/PA|||117.158368229865
1|Android|0|TREMOR|Motorola|505||0|7.0|VIDEO|12|XL||||USA/MI|||396.031662821765
1|Chrome OS|0|TREMOR||656||0|-1|VIDEO|12|||||USA/FL|||112.29967698454499
1|Android|0|GOOGLE_ADX|Samsung|669|||7.0|BANNER|12|XL|250||300|USA/WI|||405.308753252025
1|Windows||GOOGLE_ADX|Microsoft|514|||10|BANNER|12||250||300|USA/NY|||242.91608482599003
1|Windows|0|TREMOR|Microsoft|529||0|10|VIDEO|12|||||USA/KY|||243.78668516874004
1|Windows|0|TREMOR||||0|8.1|VIDEO|12|||||AUS/VIC|||68.63255053758499
1|Windows|0|APPNEXUS||539|||10|BANNER|12||250||300|USA/FL|CONNECTION_UNKNOWN||0.0
1|Windows||GOOGLE_ADX|Microsoft|511|||10|BANNER|12||250||300|USA/MD|||435.67784130573
1|Windows||OPENX|Microsoft|577|||10|BANNER|12||250||300|USA/PA|||319.32588666677003
1|Windows|0|TREMOR|Microsoft|560||0|10|VIDEO|12|||||USA/NC|||273.980051279065
1|Windows|0|TREMOR||||0|10|VIDEO|12|||||BRA/RJ|||116.21959507465
1|OS X||PUBMATIC|Apple|501|||10.13|BANNER|12||250||300|USA/OH|||330.87395131587505
1|Windows|0|TREMOR|Microsoft|517||0|10|VIDEO|12|||||USA/NC|||306.50822445750003
1|Windows||OPENX||555|||10|BANNER|12||250||300|USA/NY|||72.8378072381
1|Windows||GOOGLE_ADX||570|||10|BANNER|12||250||300|USA/SC|||0.0
1|Android|0|GOOGLE_ADX|Samsung|563|||8.0|BANNER|12|XL|250||300|USA/MI|||255.220439285035
1|Windows|0|TREMOR||571||0|10|VIDEO|12|||||USA/FL|||76.2977451086
1|Windows|0|TREMOR|Microsoft|511||0|10|VIDEO|12|||||USA/MD|||454.436019062995
1|Windows|0|TREMOR|Microsoft|511||0|10|VIDEO|12|||||USA/VA|||271.37236669659495
1|Chrome OS|0|TREMOR||510||0|-1|VIDEO|12|||||USA/OH|||110.93525215983001
1|iOS||PUBMATIC|Apple|501|||12|BANNER|12|M|250||300|USA/NY|||311.99742108583
1|Android|0|TREMOR|LG|534||0|8.0|VIDEO|12|XL||||USA/FL|||305.18570914864495
1|Windows|0|TREMOR||790||0|7|VIDEO|12|||||USA/NM|||0.0
1|Chrome OS|0|RUBICON||602|||-1|BANNER|12||250||300|USA/IL|CONNECTION_UNKNOWN||96.84743359684501
1|Android|0|GOOGLE_ADX|Samsung|577|||6.0|BANNER|12|XL|250||300|USA/PA|||406.567603349685
1|iOS||PUBMATIC|Apple|635|||12|BANNER|12|M|250||300|USA/TX|||252.4702437222
1|Windows|0|TREMOR|Microsoft|524||0|10|VIDEO|12|||||USA/GA|||421.28391563892
1|Android||PUBMATIC|Samsung|524|||8.0|BANNER|12|XL|250||300|USA/GA|||394.48797702789
1|Windows||PUBMATIC|Microsoft|691|||10|BANNER|12||250||300|USA/AL|||337.22575753927003
1|Windows|0|APPNEXUS|Microsoft|602|||10|BANNER|12||250||300|USA/IL|CONNECTION_UNKNOWN||317.77314841747
1|iOS|0|GOOGLE_ADX|Apple|567|||11|BANNER|12|XL|250||300|USA/SC|||205.363687127825
1|iOS|0|TREMOR|Apple|718||0|12|VIDEO|12|XL||||USA/MS|||258.61375033855
1|Windows|0|TREMOR|Microsoft|512||0|10|VIDEO|12|||||USA/MD|||380.36633282899504
1|Windows|0|TREMOR||504||0|10|VIDEO|12|||||USA/DE|||96.59996256231999
1|Windows|0|TREMOR||517||0|10|VIDEO|12|||||USA/NC|||85.582509636875
1|Windows|0|TREMOR||501||0|7|VIDEO|12|||||USA/NY|||161.03034839034
1|Windows|0|APPNEXUS||577|||10|BANNER|12||250||300|USA/PA|CONNECTION_UNKNOWN||73.29063490033
1|Windows|0|TREMOR||511||0|8.1|VIDEO|12|||||USA/VA|||2.8596259653550002
1|iOS|0|TREMOR|Apple|613||0|12|VIDEO|12|XL||||USA/MN|||312.97206878661996
1|Windows|0|APPNEXUS|Microsoft|542|||10|BANNER|12||250||300|USA/OH|CELL_UNKNOWN||318.51239502429496
1|Windows||PUBMATIC||517|||10|BANNER|12||250||300|USA/NC|||66.824331879615
1|Windows|0|RUBICON|Microsoft|539|||10|BANNER|12||250||300|USA/FL|CONNECTION_UNKNOWN||220.41799500584497
1|Windows|0|APPNEXUS||539|||7|BANNER|12||250||300|USA/FL|CONNECTION_UNKNOWN||0.0
1|Windows||PUBMATIC|Microsoft|582|||10|BANNER|12||250||300|USA/IN|||297.25125059485
1|Android|0|RUBICON|Samsung|501|||6.0|BANNER|12|XL|250||300|USA/NJ|CONNECTION_UNKNOWN||400.09312331675994
1|Android|0|RUBICON|Samsung|556|||8.0|BANNER|12|XL|250||300|USA/VA|CONNECTION_UNKNOWN||200.88467746972998
1|Windows|0|TREMOR||501||0|10|VIDEO|12|||||USA/NY|||161.03034839034
1|Windows|0|APPNEXUS||623|||10|BANNER|12||250||300|USA/TX|CELL_UNKNOWN||143.205076456065
1|Android|0|RUBICON|Samsung|539|||7.0|BANNER|12|XL|250||300|USA/FL|CONNECTION_UNKNOWN||357.86338150501
1|OS X|0|TREMOR|Apple|669||0|10.9|VIDEO|12|||||USA/WI|||282.58865699172
1|iOS|0|TREMOR|Apple|515||0|12|VIDEO|12|XL||||USA/KY|||244.32783946394503
1|iOS|0|TREMOR|Apple|511||0|12|VIDEO|12|M||||USA/DC|||231.70035332441
1|Windows|0|APPNEXUS|Microsoft|501|||10|BANNER|12||250||300|USA/NJ|CONNECTION_UNKNOWN||312.85136938095
1|Windows|0|TREMOR|Microsoft|803||0|10|VIDEO|12|||||USA/CA|||442.96897947788005
1|OS X|0|TREMOR|Apple|506||0|10.14|VIDEO|12|||||USA/NH|||314.27569687365997
1|iOS|1|APP_LOVIN|Apple|718|applovin|0|12|BANNER_AND_VIDEO|12|M|320||480|USA/MS|CELL_UNKNOWN|978866413.0|188.32867965102002
1|OS X|0|TREMOR|Apple|524||0|10.14|VIDEO|12|||||USA/GA|||417.25099086761
1|iOS||PUBMATIC|Apple|617|||12|BANNER|12|M|250||300|USA/WI|||227.01214998959998
1|Windows|0|TREMOR||753||0|Vista|VIDEO|12|||||USA/AZ|||96.30652144551
1|Windows|0|TREMOR|Microsoft|539||0|10.0|VIDEO|11|||||USA/FL|||174.777694046495
1|Windows||GOOGLE_ADX||501|||7.0|BANNER|11||250||300|USA/NY|||52.76412703096499
1|Windows|0|TREMOR||||0|7.0|VIDEO|11||||||||26.711570098995
1|Windows||GOOGLE_ADX|||||8.1|BANNER|11||250||250|Illinois|||7.95337371528
1|Android|0|GOOGLE_ADX|Samsung||||8.0|BANNER|11|XL|250||300|USA/FL|||285.33263131976
1|Android|0|GOOGLE_ADX|Motorola|505|||5.1|BANNER|11|XL|250||300|USA/MI|||183.33479762077
1|Windows|0|TREMOR||504||0|7.0|VIDEO|11|||||USA/PA|||0.0
1|Chrome OS|0|TREMOR||617||0||VIDEO|11|||||USA/WI|||0.0
1|Windows|0|TREMOR||709||0|10.0|VIDEO|11|||||USA/TX|||22.420240566129998
1|iOS|0|TREMOR|Apple|705||0|12.0|VIDEO|11|M||||USA/WI|||179.22818660736002
1|Android||PUBMATIC|Samsung|544|||9.0|BANNER|11|XL|250||300|USA/VA|||206.769481301305
1|Android|0|APPNEXUS|Samsung|613|||6.0|BANNER|11|XL|250||300|MN|CELL_UNKNOWN||264.127552509305
1|Windows|0|TREMOR||819||0|10.0|VIDEO|11|||||USA/WA|||92.24695153533999
1|iOS|0|GOOGLE_ADX|Apple|616|||12.0|BANNER|11|XL|250||300|USA/MO|||196.5482160449
1|Android|0|TREMOR|Amazon|648||0|5.1|VIDEO|11|L||||USA/IL|||248.347297310825
1|Android|0|GOOGLE_ADX|LG|534|||7.0|BANNER|11|XL|250||300|USA/FL|||237.97193542122503
1|Windows|0|TREMOR||501||0|10.0|VIDEO|11|||||USA/NY|||71.52232341468
1|Windows|0|TREMOR|Microsoft|753||0|10.0|VIDEO|11|||||USA/AZ|||227.72420197725
1|Android|0|GOOGLE_ADX|Samsung|521|||9.0|BANNER|11|XL|250||300|USA/RI|||128.00379656255
1|Windows|0|TREMOR|Microsoft|556||0|10.0|VIDEO|11|||||USA/VA|||163.2821559906
1|iOS|1|UNITY|Apple|602|unity sdk||9.0|BANNER|11|XL|768|1|1024|USA/IL|WIFI|561941526|273.93888682127
1|Windows|0|TREMOR||553||0|10.0|VIDEO|11|||||USA/MI|||0.0
1|Windows|0|APPNEXUS||617|||7.0|BANNER|11||250||300|USA/WI|CONNECTION_UNKNOWN||0.0
1|Android|0|OPENX|Samsung|502|||6.0|BANNER|11|XL|250||300|USA/NY|||110.90799234807
1|Windows|0|TREMOR||523||0|10.0|VIDEO|11|||||USA/NH|||5.82962296903
1|Windows|0|TREMOR||752||0|7.0|VIDEO|11|||||USA/CO|||0.0
1|Windows|0|TREMOR||508||0|10.0|VIDEO|11|||||USA/PA|||27.650343254204998
1|Windows|0|RUBICON||656|||10.0|BANNER|11||250||300|USA/FL|CONNECTION_UNKNOWN||0.0
1|Windows||PUBMATIC||613|||10.0|BANNER|11||250||300|USA/MN|||0.0
1|Android|0|GOOGLE_ADX|LG|659|||9.0|BANNER|11|XL|250||300|USA/TN|||230.35783320664999
1|Linux|0|TREMOR||571||0||VIDEO|11|||||USA/FL|||0.0
1|Android|1|UNITY|Samsung|618|unity sdk||8.0|BANNER|11|XL|1675|1|864|USA/TX|WIFI|es.socialpoint.DragonCity|298.242848366495
1|Windows|0|APPNEXUS||602|||10.0|BANNER|11||250||300|USA/IL|CONNECTION_UNKNOWN||7.33940862119
1|Windows|0|APPNEXUS|Microsoft|510|||10.0|BANNER|11||600||160|USA/OH|CELL_UNKNOWN||229.004360735415
1|Windows|0|TREMOR||825||0|10.0|VIDEO|11|||||USA/CA|||0.0
1|Android|0|RUBICON|HTC|511|||9.0|BANNER|11|XL|250||300|USA/VA|CONNECTION_UNKNOWN||245.19391357898502
1|Chrome OS|0|TREMOR||502||0||VIDEO|11|||||USA/NY|||0.0
1|iOS|0|APPNEXUS|Apple|501|||12.0|BANNER|12|M|250||300|USA/NY|CELL_UNKNOWN||337.57250756025
1|Windows|0|TREMOR||577||0|10.0|VIDEO|12|||||USA/PA|||117.158368229865
1|Windows|0|TREMOR||519||0|10.0|VIDEO|12|||||USA/SC|||0.0
1|Windows|0|TREMOR||||0|10.0|VIDEO|12|||||USA/TX|||101.50315240025499
1|Android||PUBMATIC|Samsung|527|||8.0|BANNER|12|XL|250||300|USA/IN|||311.599150300025
1|Windows|0|TREMOR|Microsoft|527||0|10.0|VIDEO|12|||||USA/IN|||297.342650592325
1|OS X|0|TREMOR|Apple|506||0|10.1|VIDEO|12|||||USA/VT|||251.04725733398996
1|Android|0|TREMOR|Huawei|670||0|8.0|VIDEO|12|XL||||USA/AR|||351.262539625165
1|Android||PUBMATIC|LG|686|||6.0|BANNER|12|XL|250||300|USA/AL|||338.99936825037
1|Chrome OS||PUBMATIC||510||||BANNER|12||250||300|USA/OH|||92.177055776115
1|Android||PUBMATIC|Samsung|570|||8.0|BANNER|12|XL|250||300|USA/SC|||227.31266915798
1|Android||PUBMATIC|Samsung|687|||8.0|BANNER|12|XL|250||300|USA/ND|||347.21907228231
1|Android|0|APPNEXUS|Samsung|506|||9.0|BANNER|12|XL|250||300|USA/MA|CONNECTION_UNKNOWN||363.036468625065
1|Windows||GOOGLE_ADX|Microsoft|511|||10.0|BANNER|12||250||300|USA/VA|||252.61417031288002
1|Windows|0|TREMOR||||0|10.0|VIDEO|12|||||CAN/ON|||116.21959507465
1|Windows||PUBMATIC||573|||10.0|BANNER|12||250||300|USA/VA|||0.0
1|Windows|0|RUBICON||652|||10.0|BANNER|12||250||300|USA/NE|CONNECTION_UNKNOWN||0.0
1|Windows||PUBMATIC||602|||10.0|BANNER|12||250||300|USA/IL|||121.95698916912
1|Windows||PUBMATIC||597|||10.0|BANNER|12||250||300|USA/WV|||174.97921362519
1|Windows|0|RUBICON||753|||10.0|BANNER|12||250||300|USA/AZ|CONNECTION_UNKNOWN||52.438769489525
1|Android|0|TREMOR|LG|505||0|5.0|VIDEO|12|XL||||USA/MI|||390.52881300448996
1|Windows|0|APPNEXUS||501|||10.0|BANNER|12||250||300|USA/NY|CONNECTION_UNKNOWN||117.16259643435
1|Android|0|GOOGLE_ADX|Samsung||||6.0|BANNER|12|L|250||300|USA/VA||com.rocket.tools.clean.antivirus.master|229.83944043517002
1|Windows||GOOGLE_ADX|Microsoft|508|||10.0|BANNER|12||600||300|USA/PA|||319.32588666677003
1|Windows|0|TREMOR|Microsoft|622||0|10.0|VIDEO|12|||||USA/LA|||260.639302432535
1|Android|0|GOOGLE_ADX|Samsung|605|||8.0|BANNER|12|XL|250||300|USA/KS|||264.59649205207495
1|Windows|0|APPNEXUS||511|||10.0|BANNER|12||250||300|USA/MD|CONNECTION_UNKNOWN||189.642570912835
1|iOS|0|TREMOR|Apple|751||0|12.0|VIDEO|12|XL||||USA/CO|||342.37697720527507
1|Android||OPENX|Samsung||||7.1|BANNER|12|XL|250||300|USA/NY|||374.408438801765
1|Windows|0|TREMOR||511||0|10.0|VIDEO|12|||||USA/MD|||233.51030424237
1|Windows||GOOGLE_ADX||548|||10.0|BANNER|12||250||300|USA/FL|||0.0
1|Android|0|RUBICON|Samsung|517|||8.0|BANNER|12|XL|250||300|USA/NC|CONNECTION_UNKNOWN||295.65516859292495
1|Windows|0|TREMOR||573||0|7.0|VIDEO|12|||||USA/VA|||3.9807893335799998
1|Windows||OPENX||501|||10.0|BANNER|12||250||300|USA/NY|||142.272152006625
1|Android|0|GOOGLE_ADX|Samsung|511|||8.0|BANNER|12|XL|250||300|USA/WV|||428.09076607226996
1|Windows||PUBMATIC||506|||10.0|BANNER|12||250||300|USA/MA|||134.20565053820502
1|Android|0|RUBICON|Samsung|698|||7.0|BANNER|12|XL|250||300|USA/AL|CONNECTION_UNKNOWN||344.198904931545
1|Windows|0|TREMOR||617||0|10.0|VIDEO|12|||||USA/WI|||76.04507729411
1|Windows|0|TREMOR||686||0|8.1|VIDEO|12|||||USA/AL|||89.94251489639
1|Android||PUBMATIC|Samsung|602|||8.0|BANNER|12|XL|250||300|USA/IL|||375.89736282825
1|Windows||OPENX||820|||10.0|BANNER|12||250||300|USA/OR|||102.78353467583501
1|Windows|0|TREMOR||||0|10.0|VIDEO|12|||||CAN/ON|||116.21959507465
1|Windows|0|TREMOR|Microsoft|508||0|10.0|VIDEO|12|||||USA/PA|||338.08410167694
1|Windows|0|OPENX||501|||7.0|BANNER|12||250||300|USA/CT|||138.98681849241
1|Windows||PUBMATIC||527|||10.0|BANNER|12||250||300|USA/IN|||57.65875801444
1|Windows||GOOGLE_ADX|Microsoft|517|||10.0|BANNER|12||250||300|USA/NC|||287.750046700235
1|Windows||PUBMATIC||637|||10.0|BANNER|12||250||300|USA/IA|||73.84484633803
1|Android|0|GOOGLE_ADX|LG||||7.0|BANNER|12|XL|250||300|Texas||com.enflick.android.TextNow|365.23878574370997
1|OS X|0|TREMOR|Apple|618||0|10.1|VIDEO|12|||||USA/TX|||359.962955117225
1|Windows|0|TREMOR||501||0|7.0|VIDEO|12|||||USA/NY|||161.03034839034
1|Android||PUBMATIC|Samsung|534|||8.0|BANNER|12|XL|250||300|USA/FL|||313.60529363155
1|Android|0|GOOGLE_ADX|LG||||7.0|BANNER|12|XL|250||300|Virginia||com.oneapp.max.security.pro|365.276411175725
1|Android|0|GOOGLE_ADX|Samsung|651|||9.0|BANNER|12|XL|250||300|USA/TX|||336.15935593843005
1|Android|0|APPNEXUS|LG|529|||8.0|BANNER|12|XL|250||300|USA/KY|CELL_UNKNOWN||277.3274295032
1|iOS||PUBMATIC|Apple|501|||12.0|BANNER|12|M|250||300|USA/NY|||332.162901759145
1|Android|0|GOOGLE_ADX|Samsung|501|||6.0|BANNER|12|XL|250||300|USA/NY|||396.21252566576
1|Windows|0|TREMOR||544||0|10.0|VIDEO|12|||||USA/VA|||61.095282435414994
1|Windows||GOOGLE_ADX||571|||8.1|BANNER|12||250||300|USA/FL|||57.539548724885
1|Windows||INDEX_EXCHANGE||686|||7.0|BANNER|12||250||300|USA/FL|||75.784530490635
1|Windows|0|TREMOR||659||0|7.0|VIDEO|12|||||USA/TN|||70.808995515105
1|Windows||PUBMATIC||546|||10.0|BANNER|12||250||300|USA/SC|||67.59364157915
1|OS X|0|TREMOR|Apple|648||0|10.14|VIDEO|12|||||USA/IL|||334.665477275845
1|Android||OPENX|Motorola|542|||8.1|BANNER|12|XL|250||300|USA/OH|||261.06424629687996
1|OS X||OPENX|Apple|506|||10.13|BANNER|12||250||300|USA/MA|||351.09844058752
1|Windows|0|TREMOR||563||0|10.0|VIDEO|12|||||USA/MI|||61.090663075445
1|iOS|0|GOOGLE_ADX|Apple|623|||12.0|BANNER|12|M|250||300|USA/TX|||327.68622040748494
1|Windows|0|APPNEXUS||541|||10.0|BANNER|12||250||300|USA/KY|CONNECTION_UNKNOWN||18.561650067565
1|Android|0|GOOGLE_ADX|Samsung|528|||9.0|BANNER|12|XL|250||300|USA/FL|||374.84064698219
1|OS X|0|TREMOR|Apple|567||0|10.13|VIDEO|12|||||USA/NC|||269.94714513420996
1|Android||OPENX|Samsung|520|||8.0|BANNER|12|XL|250||300|USA/GA|||321.547389030455
1|Android||PUBMATIC|Samsung|679|||8.0|BANNER|12|XL|250||300|USA/IA|||240.52450433373002
1|Android|0|TREMOR|Samsung|||0|7.0|VIDEO|12|XL|||||||370.159968733785
1|Windows|0|TREMOR|Microsoft|534||0|10|VIDEO|12|||||USA/FL|||299.348812550305
1|Windows||OPENX||506|||10|BANNER|12||250||300|USA/MA|||134.20565053820502
1|Windows||OPENX||752|||10|BANNER|12||250||300|USA/CO|||70.442277938125
1|iOS|0|GOOGLE_ADX|Apple|512|||12|BANNER|12|XL|250||300|USA/MD|||372.673869132995
1|Windows|0|TREMOR||613||0|7|VIDEO|12|||||USA/MN|||80.98067715764002
1|Linux|0|TREMOR||501||0|Ubuntu|VIDEO|12|||||USA/NJ|||135.79340651631
1|Android|0|GOOGLE_ADX|Samsung||||4.3|BANNER|12|XL|250||300|USA/NY|||374.408438801765
1|Windows|0|APPNEXUS||504|||10|BANNER|12||250||300|USA/PA|CONNECTION_UNKNOWN||5.60851767659
1|Windows|0|TREMOR|Microsoft|751||0|10|VIDEO|12|||||USA/CO|||311.14580109715
1|iOS|0|GOOGLE_ADX|Apple|602|||12|BANNER|12|M|250||300|USA/IL|||291.682258248325
1|Android|0|RUBICON|Samsung|511|||9|BANNER|12|XL|250||300|USA/VA|CONNECTION_UNKNOWN||260.51929220557
1|Android|0|RUBICON|Samsung||||8.0|BANNER|12|XL|250||300|IN|CONNECTION_UNKNOWN||285.239815711975
1|OS X|0|TREMOR|Apple|507||0|10.14|VIDEO|12|||||USA/SC|||209.28658545016998
1|Windows|0|TREMOR||539||0|10|VIDEO|12|||||USA/FL|||43.360013514754996
1|Windows||OPENX||556|||10|BANNER|12||250||300|USA/VA|||13.10626044869
1|Windows|0|TREMOR|Microsoft|||0|10|VIDEO|12|||||JPN/29|||337.14529126882496
1|iOS|0|GOOGLE_ADX|Apple|602|||12|BANNER|12|M|250||250|USA/IL|||291.682258248325
1|Android|0|GOOGLE_ADX|Motorola|500|||8.0|BANNER|12|XL|50||320|USA/ME|||186.258163303135
1|OS X||OPENX|Apple|613|||10.14|BANNER|12||250||300|USA/MN|||279.11528944969
1|Windows|0|TREMOR||623||0|7|VIDEO|12|||||USA/TX|||156.553648412225
1|Windows||GOOGLE_ADX|Microsoft||||10|BANNER|12||250||300|JPN/12|||318.38711351156
1|Windows||INDEX_EXCHANGE||527|||7|BANNER|12||250||300|USA/IN|||57.65875801444
1|Windows|0|APPNEXUS||619|||10|BANNER|12||250||300|USA/MO|CONNECTION_UNKNOWN||15.71739092469
1|Windows|0|TREMOR||||0|10|VIDEO|12|||||BRA/DF|||116.21959507465
1|Android||PUBMATIC|Samsung|751|||7.0|BANNER|12|XL|250||300|USA/CO|||429.833009839055
1|Windows|0|RUBICON||511|||7|BANNER|12||250||300|USA/VA|CONNECTION_UNKNOWN||6.578918546435
1|Windows|0|APPNEXUS||500|||10|BANNER|12||250||300|USA/NH|CELL_UNKNOWN||0.0
1|Windows|0|TREMOR||536||0|10|VIDEO|12|||||USA/OH|||111.88609525561
1|Windows|0|RUBICON|Microsoft|602|||10|BANNER|12||250||300|USA/IL|CONNECTION_UNKNOWN||317.77314841747
1|Windows|0|APPNEXUS||547|||7|BANNER|12||250||300|USA/OH|CONNECTION_UNKNOWN||2.094004303215
1|OS X|0|TREMOR|Apple|512||0|10.13|VIDEO|12|||||USA/MD|||376.33344531059
1|Windows|0|TREMOR||511||0|10|VIDEO|12|||||USA/MD|||233.51030424237
1|Windows|0|TREMOR||511||0|10|VIDEO|12|||||USA/VA|||50.44665187597
1|Windows|0|TREMOR||501||0|10|VIDEO|12|||||USA/CT|||157.745014876125
1|Android|0|GOOGLE_ADX|Motorola||||8.0|BANNER|12|XL|250||300|Indiana||step.tracker.stepcounter.walking|225.29616951942
1|Windows|0|RUBICON|Microsoft|515|||10|BANNER|12||250||300|USA/OH|CONNECTION_UNKNOWN||243.49223822354998
1|Android|0|GOOGLE_ADX|Motorola|659|||4.4|BANNER|12|XL|250||300|USA/TN|||89.37736973166001
1|iOS|0|TREMOR|Apple|501||0|12|VIDEO|12|M||||USA/NJ|||305.51867559552
1|Android||PUBMATIC|ZTE|501|||7.1|BANNER|12|L|250||300|nj|||348.65345805883
1|Windows||PUBMATIC||511|||10|BANNER|12||250||300|USA/VA|||31.688455492255006
1|Windows||PUBMATIC||505|||10|BANNER|12||250||300|USA/MI|||103.95562276244
1|Windows|0|TREMOR|Microsoft|625||0|10|VIDEO|12|||||USA/TX|||286.78648173809
1|OS X|0|TREMOR|Apple|506||0|10.14|VIDEO|12|||||USA/NH|||314.27569687365997
1|Windows|0|TREMOR||||0|7|VIDEO|12|||||RUS/NIZ|||116.21959507465
1|Windows|0|TREMOR||511||0|10|VIDEO|12|||||USA/MD|||233.51030424237
1|Android|0|GOOGLE_ADX|Samsung||||8.0|BANNER|12|XL|100||320|Florida|||310.349371284245
1|iOS|0|TREMOR|Apple|515||0|12|VIDEO|12|XL||||USA/OH|||298.42566698789494
1|Android|0|TREMOR|Samsung|718||0|8.0|VIDEO|12|XL||||USA/MS|||239.510312676425
1|Windows||PUBMATIC||501|||7|BANNER|12||250||300|USA/CT|||138.98681849241
1|Windows|0|RUBICON||637|||7|BANNER|12||250||300|USA/IA|CONNECTION_UNKNOWN||48.73530939221
1|Windows|0|TREMOR||616||0|8.1|VIDEO|12|||||USA/KS|||2.30038538575
1|Windows|0|TREMOR||642||0|10|VIDEO|12|||||USA/LA|||183.16473811864498
1|Android|0|GOOGLE_ADX|Samsung|623|||7.0|BANNER|12|XL|250||300|USA/TX|||496.16657197475
1|Windows|0|TREMOR||||0|7|VIDEO|12|||||IND/KA|||116.21959507465
1|OS X||PUBMATIC|Apple|751|||10.14|BANNER|12||250||300|USA/CO|||288.35469856858
1|Windows|0|TREMOR||566||0|10|VIDEO|12|||||USA/PA|||88.20507675408999
1|Android|0|TREMOR|Samsung|602||0|8.0|VIDEO|12|XL||||USA/IL|||353.60313951969005
1|iOS|0|TREMOR|Apple|||0|12|VIDEO|12|M||||AUS/QLD|||285.94484552741
1|iOS|0|TREMOR|Apple|641||0|12|VIDEO|12|XL||||USA/TX|||284.308083355425
1|OS X|0|RUBICON|Apple|534|||10.13|BANNER|12||250||300|USA/FL|CONNECTION_UNKNOWN||251.44817307591
1|Windows|0|TREMOR||547||0|10|VIDEO|12|||||USA/OH|||45.9617562592
1|Windows|0|TREMOR||539||0|10|VIDEO|12|||||USA/FL|||43.360013514754996
1|Windows|0|RUBICON||691|||10.0|BANNER|12||250||300|USA/AL|CONNECTION_UNKNOWN||91.190505772825
1|iOS|0|TREMOR|Apple|716||0|12.0|VIDEO|12|XL||||USA/LA|||265.73177427053
1|Windows|0|TREMOR||||0|7.0|VIDEO|12|||||ARG/N|||116.21959507465
1|Windows||PUBMATIC||524|||10.0|BANNER|12||250||300|USA/GA|||181.600004434585
1|Android|0|TREMOR|Samsung|506||0|8.1|VIDEO|12|XL||||USA/NH|||351.32329910993496
1|iOS|0|TREMOR|Apple|617||0|10.0|VIDEO|12|XL||||USA/WI|||308.03646892309
1|Windows||GOOGLE_ADX||501|||10.0|BANNER|12||250||300|USA/NY|||142.272152006625
1|Windows||PUBMATIC||678|||10.0|BANNER|12||250||300|USA/KS|||87.59459480643001
1|OS X|0|TREMOR|Apple|725||0|10.13|VIDEO|12|||||USA/SD|||270.97005397081
1|Android|0|GOOGLE_ADX|Motorola|563|||8.0|BANNER|12|XL|250||300|USA/MI|||211.219657212495
1|Windows||GOOGLE_ADX||524|||7.0|BANNER|12||250||300|USA/GA|||181.600004434585
1|Windows|0|TREMOR||506||0|10.0|VIDEO|12|||||USA/MA|||152.96382829546502
1|Windows|0|TREMOR||618||0|10.0|VIDEO|12|||||USA/TX|||143.070146441455
1|Windows|0|RUBICON||564|||10.0|BANNER|12||250||300|USA/WV|CONNECTION_UNKNOWN||29.268320649859998
1|Windows|0|TREMOR||855||0|8.1|VIDEO|12|||||USA/CA|||54.90096285939
1|Android|0|GOOGLE_ADX|Samsung||||8.0|BANNER|12|XL|250||300|Florida||com.smart.color.phone.emoji|351.40179097652
1|Windows|0|TREMOR||571||0|8.1|VIDEO|12|||||USA/FL|||76.2977451086
1|Windows|0|TREMOR||||0|10.0|VIDEO|12|||||CAN/MB|||116.21959507465
1|Windows||PUBMATIC||512|||10.0|BANNER|12||250||300|USA/MD|||140.68244025111002
1|OS X|0|TREMOR|Apple|501||0|10.13|VIDEO|12|||||USA/NJ|||352.686196565625
1|Windows|0|TREMOR||511||0|10.0|VIDEO|12|||||USA/VA|||50.44665187597
1|Android|0|TREMOR|Samsung|658||0|8.1|VIDEO|12|XL||||USA/WI|||155.28907999396
1|Windows|0|RUBICON||506|||10.0|BANNER|12||250||300|USA/MA|CONNECTION_UNKNOWN||109.09609496593
1|Android|0|GOOGLE_ADX|Samsung||||8.0|BANNER|12|XL|250||300|Illinois||com.surpax.ledflashlight.panel|351.40179097652
1|Android|0|GOOGLE_ADX|Samsung|511|||9.0|BANNER|12|XL|50||300|USA/VA|||285.62884777784
1|Windows|0|TREMOR|Microsoft|676||0|10.0|VIDEO|12|||||USA/MI|||282.54136443138003
1|Windows||PUBMATIC|Microsoft|501|||10.0|BANNER|12||250||300|USA/NJ|||337.96094357967
1|Android|0|TREMOR|Amazon|825||0|4.4|VIDEO|12|XL||||USA/CA|||340.15733748674
1|Android||PUBMATIC|Samsung|682|||8.0|BANNER|12|XL|250||300|USA/IA|||314.58608806133
1|Windows||OPENX|Microsoft|555|||10.0|BANNER|12||250||300|USA/NY|||293.763522058725
1|Windows|0|TREMOR||||0|10.0|VIDEO|12|||||AUS/NSW|||116.21959507465
1|Android|0|APPNEXUS|Samsung|501|||7.0|BANNER|12|XL|250||300|USA/NY|CELL_UNKNOWN||401.62213146686497
1|Windows|0|APPNEXUS|Microsoft|610|||10.0|BANNER|12||250||300|USA/IL|CONNECTION_UNKNOWN||194.16274502873003
1|Windows|0|TREMOR||648||0|10.0|VIDEO|12|||||USA/IL|||117.772705852985
1|Windows|0|TREMOR||530||0|7.0|VIDEO|12|||||USA/FL|||139.752514660355
1|Windows|0|RUBICON|Microsoft|567|||10.0|BANNER|12||250||300|USA/SC|CONNECTION_UNKNOWN||169.1884547472
1|Windows|0|APPNEXUS||508|||7.0|BANNER|12||250||300|USA/MD|CONNECTION_UNKNOWN||189.642570912835
1|Android|0|GOOGLE_ADX|Samsung|524|||9.0|BANNER|12|XL|250||300|USA/GA|||435.540378093715
1|Windows||PUBMATIC||686|||10.0|BANNER|12||250||300|USA/FL|||75.784530490635
1|Windows|0|RUBICON||534|||10.0|BANNER|12||250||300|USA/FL|CONNECTION_UNKNOWN||34.555364400144995
1|Windows|0|TREMOR||609||0|10.0|VIDEO|12|||||USA/MO|||120.46933174133001
1|OS X|0|TREMOR|Apple|556||0|10.14|VIDEO|12|||||USA/VA|||248.75724688172002
1|Android||OPENX|Samsung|515|||8.1|BANNER|12|XL|250||300|USA/OH|||301.616471260785
1|OS X|0|TREMOR|Apple|548||0|10.12|VIDEO|12|||||USA/FL|||234.602857381105
1|Android|0|TREMOR|Amazon|506||0|5.1|VIDEO|12|L||||USA/MA|||373.046472668645
1|Windows|0|TREMOR||807||0|7.0|VIDEO|12|||||USA/CA|||136.74065470694998
1|Windows|0|RUBICON||623|||8.1|BANNER|12||250||300|USA/TX|CONNECTION_UNKNOWN||112.68591508268999
1|Windows||PUBMATIC|Microsoft|602|||10.0|BANNER|12||250||300|USA/IL|||342.882722616195
1|Windows||INDEX_EXCHANGE||501|||10.0|BANNER|12||250||300|USA/CT|||138.98681849241
1|Android|0|GOOGLE_ADX|Motorola|505|||8.0|BANNER|12|XL|600||300|USA/MI|||272.842813283205
1|Windows|0|TREMOR||524||0|10.0|VIDEO|12|||||USA/GA|||200.358182191845
1|iOS||PUBMATIC|Apple|512|||12.0|BANNER|12|M|250||300|USA/MD|||330.57317137718
1|Windows||OPENX||506|GOOGLE||10.0|BANNER|12||250||300|USA/NH|||78.62472906708501
1|Android||INDEX_EXCHANGE|Samsung|618|||8.0|BANNER|12|XL|250||300|USA/TX|||378.25234234332993
1|OS X|0|TREMOR|Apple|807||0|10.14|VIDEO|12|||||USA/CA|||353.6334633827199
1|Windows|0|TREMOR||505||0|7.0|VIDEO|12|||||USA/MI|||122.71381914615499
1|Android||PUBMATIC|Samsung|524|||8.0|BANNER|12|XL|250||300|ga|||351.40179097652
1|Android|0|RUBICON|Samsung|584|||8.0|BANNER|12|XL|250||300|USA/VA|CONNECTION_UNKNOWN||260.50794869661
1|Android|0|TREMOR|Samsung|511||0|9.0|VIDEO|12|XL||||USA/DC|||315.91549515724006
1|Windows||OPENX||567|||10.0|BANNER|12||250||300|USA/SC|||0.0
1|Windows||PUBMATIC||751|||10.0|BANNER|12||250||300|USA/CO|||71.461908519265
1|OS X||GOOGLE_ADX|Apple|618|||10.14|BANNER|12||250||300|USA/TX|||341.20477735995996
1|Windows|0|TREMOR||652||0|10.0|VIDEO|12|||||USA/NE|||17.939079552884998
1|Windows|0|TREMOR||501||0|10.0|VIDEO|12|||||USA/CT|||157.745014876125
1|Windows|0|APPNEXUS||535|||10.0|BANNER|12||250||300|USA/OH|CELL_UNKNOWN||97.58666157722
1|Windows||OPENX|Microsoft|539|||10.0|BANNER|12||250||300|USA/FL|||245.52753195166503
1|Windows|0|TREMOR|Microsoft|||0|10.0|VIDEO|12|||||CAN/BC|||337.14529126882496
1|Android|0|TREMOR||602||0|8.1|VIDEO|12|||||USA/IL|||183.35385248064497
1|Windows|0|TREMOR||716||0|8.1|VIDEO|12|||||USA/LA|||13.57493922114
1|Windows|0|TREMOR||524||0|10.0|VIDEO|12|||||USA/GA|||200.358182191845
1|Android|0|RUBICON|Samsung|517|||6.0|BANNER|12|XL|250||300|USA/NC|CONNECTION_UNKNOWN||295.65516859292495
1|Android|0|RUBICON|LG|534|||7.0|BANNER|12|XL|250||300|USA/FL|CONNECTION_UNKNOWN||302.370395511385
1|Windows|0|TREMOR|Microsoft|561||0|10.0|VIDEO|12|||||USA/FL|||285.11734679341
1|Windows|0|TREMOR||556||0|10.0|VIDEO|12|||||USA/VA|||31.864438205954997
1|OS X|0|RUBICON|Apple|520|||10.11|BANNER|12||250||300|USA/GA|CONNECTION_UNKNOWN||259.390287101265
1|iOS|0|TREMOR|Apple|560||0|12.0|VIDEO|12|M||||USA/NC|||242.945086210965
1|Windows|0|TREMOR|Microsoft|705||0|10.0|VIDEO|12|||||USA/WI|||299.77116733789
1|Windows|0|TREMOR||534||0|10.0|VIDEO|12|||||USA/FL|||78.42309772968001
1|Windows|0|RUBICON||734|||7.0|BANNER|12||250||300|USA/AR|CONNECTION_UNKNOWN||14.323014765975
1|Windows|0|TREMOR|Microsoft|622||0|10.0|VIDEO|12|||||USA/LA|||260.639302432535
1|OS X|0|RUBICON|Apple|547|||10.9|BANNER|12||250||300|USA/OH|CONNECTION_UNKNOWN||218.98681297898
1|Android||THIRTY_THREE_ACROSS|LG|813|||8.1|BANNER|12|XL|250||300|USA/OR|||385.975204408165
1|Windows|0|IMPROVE|||||7.0|BANNER|12||90||728|BRA/PB|CONNECTION_UNKNOWN||72.351861745115
1|Android|0|RUBICON|LG|648|||5.1|BANNER|12|L|250||300|USA/IL|CONNECTION_UNKNOWN||285.930577665565
1|OS X|0|TREMOR|Apple|692||0|10.13|VIDEO|12|||||USA/TX|||318.35466623305996
1|iOS|0|GOOGLE_ADX|Apple|640|||12.0|BANNER|12|M|250||300|USA/TN||324690258.0|260.84046810865004
1|Android|0|GOOGLE_ADX|Samsung|529|||9.0|BANNER|12|XL|250||300|USA/KY|||258.04318487644
1|OS X||GOOGLE_ADX|Apple|770|||10.14|BANNER|12||250||300|USA/UT|||251.03526189922997
1|Windows|0|TREMOR||||0|10.0|VIDEO|12||||||||116.21959507465
1|Windows|0|AOL||679|||10.0|BANNER|12||250||300|USA/IA|||0.0
1|Windows|0|APPNEXUS||560|||7.0|BANNER|12||250||300|USA/NC|CELL_UNKNOWN||39.705764502285
1|Windows|0|TREMOR||560||0|8.1|VIDEO|12|||||USA/NC|||53.054336458440005
1|Windows||GOOGLE_ADX||524|||8.1|BANNER|12||250||300|USA/GA|||181.600004434585
1|Windows|0|TREMOR||||0|10.0|VIDEO|12|||||BRA/GO|||116.21959507465
1|iOS|0|AOL|Apple|524|||12|BANNER|12|XL|250||300|USA/GA|WIFI||423.023253679275
1|Android|1|UNITY|Samsung||unity sdk|0|5.0|VIDEO|12|XL||||TUR/05|WIFI|com.masomo.headball2|378.60453128814504
1|Windows|0|APPNEXUS||574|||10|BANNER|12||250||300|USA/PA|CONNECTION_UNKNOWN||0.0
1|OS X|0|TREMOR|Apple|524||0|10.14|VIDEO|12|||||USA/GA|||417.25099086761
1|Windows|0|AOL||533|||10|BANNER|12||250||300|USA/CT|||47.395154833789995
1|OS X|0|TREMOR|Apple|825||0|10.14|VIDEO|12|||||USA/CA|||281.178094446655
1|Windows|0|TREMOR||582||0|7|VIDEO|12|||||USA/IN|||95.08373215794501
1|Android||PUBMATIC||545|||7.0|BANNER|12||250||300|USA/NC|||109.52176526188501
1|Android|0|GOOGLE_ADX|Samsung|616|||7.0|BANNER|12|XL|250||250|USA/MO|||392.27042347192497
1|Android||PUBMATIC|Samsung|602|||9|BANNER|12|XL|250||300|USA/IL|||375.89736282825
1|iOS|0|TREMOR|Apple|617||0|10|VIDEO|12|XL||||USA/WI|||308.03646892309
1|Chrome OS|0|TREMOR||538||0|-1|VIDEO|12|||||USA/NY|||0.0
1|Windows||PUBMATIC||508|||10|BANNER|12||250||300|USA/PA|||98.40017184614999
1|Linux|0|RUBICON||511|||Ubuntu|BANNER|12||250||300|USA/VA|CONNECTION_UNKNOWN||6.578918546435
1|Windows|0|TREMOR||557||0|7|VIDEO|12|||||USA/TN|||20.802114158865002
1|Android|0|RUBICON|Samsung||||9|BANNER|12|XL|250||300|USA/GA|CONNECTION_UNKNOWN||410.43084114789497
1|Android|0|TREMOR|Amazon|718||0|5.1|VIDEO|12|XL||||USA/MS|||226.97057574986997
1|Windows|0|RUBICON||611|||10|BANNER|12||250||300|USA/IA|CONNECTION_UNKNOWN||49.507860094305
1|OS X|0|TREMOR|Apple|635||0|10.13|VIDEO|12|||||USA/TX|||318.395942449565
1|OS X|0|TREMOR|Apple|807||0|10.13|VIDEO|12|||||USA/CA|||353.6334633827199
1|Windows|0|TREMOR|Microsoft|501||0|10|VIDEO|12|||||USA/NY|||381.95602595806
1|Windows|0|RUBICON|Microsoft|623|||10|BANNER|12||250||300|USA/TX|CONNECTION_UNKNOWN||333.61159265041
1|Android|0|GOOGLE_ADX|Samsung|511|||9|BANNER|12|XL|250||300|USA/MD|||468.69251877069
1|Windows||PUBMATIC||551|||10|BANNER|12||250||300|USA/MI|||42.332466691730005
1|Android|0|TREMOR|Samsung|||0|7.0|VIDEO|12|XL||||CAN/ON|||474.59069639444
1|Android|0|RTK|Samsung|602|||8.0|BANNER|12|XL|250||300|USA/IL|CONNECTION_UNKNOWN||309.735406190155
1|iOS||PUBMATIC|Apple|501|||12|BANNER|12|M|250||300|USA/NY|||311.99742108583
1|Windows|0|TREMOR||807||0|10|VIDEO|12|||||USA/CA|||136.74065470694998
1|Windows|0|RUBICON|Microsoft|531|||10|BANNER|12||250||300|USA/TN|CONNECTION_UNKNOWN||289.39716517924995
1|Android|0|GOOGLE_ADX|LG|501|||8.1|BANNER|12|XL|600||300|USA/CT|||359.214842319485
1|Android||INDEX_EXCHANGE|Samsung|640|||9|BANNER|12|XL|250||300|USA/TN|||324.89009201526505
1|Windows|0|AOL||648|||10|BANNER|12||250||300|USA/IL|||99.01450946927
1|Chrome OS||OPENX||501|||-1|BANNER|12||250||300|USA/NJ|||117.03522875905001
1|Windows|0|TREMOR|Microsoft|527||0|10|VIDEO|12|||||USA/IN|||297.342650592325
1|iOS|0|TREMOR|Apple|501||0|12|VIDEO|12|M||||USA/NY|||330.75559884309496
1|iOS|0|TREMOR|Apple|501||0|11|VIDEO|12|XL||||USA/NY|||393.021702766415
1|Windows|0|TREMOR||512||0|10|VIDEO|12|||||USA/MD|||159.440618008375
1|OS X|0|TREMOR|Apple|693||0|10.13|VIDEO|12|||||USA/AR|||409.37848389148496
1|OS X|0|APPNEXUS|Apple|519|||10.11|BANNER|12||250||300|USA/SC|CONNECTION_UNKNOWN||165.15554860234
1|Android||PUBMATIC|Samsung|505|||8.0|BANNER|12|XL|250||300|USA/MI|||316.8436139822
1|Windows|0|TREMOR|Microsoft|650||0|10|VIDEO|12|||||USA/OK|||398.88478815555504
1|Android||OPENX|Samsung|623|||8.0|BANNER|12|XL|250||300|USA/TX|||350.68340599536504
1|iOS|1|UNITY|Apple||unity sdk|0|12|VIDEO|12|M||||SAU/01|WIFI|1347123739|307.601075619455
1|Windows|0|TREMOR||576||0|10|VIDEO|12|||||USA/DE|||164.23661261796502
1|Windows||PUBMATIC|Microsoft|523|||10|BANNER|12||250||300|USA/VT|||234.27670821547503
1|Windows|0|RUBICON|Microsoft|513|||10|BANNER|12||250||300|USA/MI|CONNECTION_UNKNOWN||265.281368046995
1|Chrome OS||PUBMATIC||560|||-1|BANNER|12||250||300|USA/NC|||34.29615870118
1|Windows|0|TREMOR||616||0|10|VIDEO|12|||||USA/MO|||52.6575371623
1|Android||PUBMATIC|Samsung|501|||9|BANNER|12|XL|250||300|USA/NY|||396.21252566576
1|Android|0|RUBICON|Quanta|506|||4.4|BANNER|12|XL|250||300|USA/MA|CONNECTION_UNKNOWN||253.71382012963
1|Windows|0|APPNEXUS||573|||7|BANNER|12||250||300|USA/VA|CELL_UNKNOWN||0.0
1|Chrome OS|0|APPNEXUS||508|||-1|BANNER|12||250||300|USA/PA|CONNECTION_UNKNOWN||73.29063490033
1|Windows|0|TREMOR|Microsoft|501||0|10|VIDEO|12|||||USA/NY|||381.95602595806
1|Windows|0|TREMOR|Microsoft|524||0|10|VIDEO|12|||||AL|||337.14529126882496
1|Android||OPENX|Samsung|596|||9|BANNER|12|XL|250||300|USA/OH|||346.117466688155
1|Android||INDEX_EXCHANGE|Amazon|512|||5.1|BANNER|12|XL|250||300|USA/MD|||341.03065729141
1|Windows|0|APPNEXUS||532|||7|BANNER|12||1||2|USA/NY|CELL_UNKNOWN||43.71283575892
1|Windows|0|TREMOR|Microsoft|539||0|10|VIDEO|12|||||USA/FL|||264.28572833538
1|Windows|0|AOL||565|||10|BANNER|12||250||300|USA/PA|||98.62396866082999
1|Windows|0|TREMOR||602||0|10|VIDEO|12|||||USA/IL|||140.71516692638
1|Windows|0|TREMOR||505||0|10|VIDEO|12|||||USA/MI|||122.71381914615499
1|Windows||PUBMATIC|Microsoft|506|||10|BANNER|12||250||300|USA/MA|||355.131328105925
1|Windows|0|RUBICON||678|||7|BANNER|12||250||300|USA/KS|CONNECTION_UNKNOWN||62.48505786061
1|iOS|0|TREMOR|Apple|506||0|12|VIDEO|12|XL||||USA/MA|||384.955219924445
1|Android|0|GOOGLE_ADX|Samsung|544|||8.0|BANNER|12|XL|50||320|USA/VA|||296.277478337285
1|Android||PUBMATIC|Samsung|679|||6.0|BANNER|12|XL|250||300|USA/IA|||240.52450433373002
1|Windows|0|TREMOR||512||0|7.0|VIDEO|12|||||USA/MD|||159.440618008375
1|Windows|0|TREMOR||622||0|7.0|VIDEO|12|||||USA/LA|||39.71358761191
1|Windows||GOOGLE_ADX||534|||7.0|BANNER|12||250||300|USA/FL|||59.664901345965
1|OS X|0|TREMOR|Apple|548||0|10.14|VIDEO|12|||||USA/FL|||234.602857381105
1|Android|0|APPNEXUS|LG|539|||7.0|BANNER|12|XL|250||300|USA/FL|CONNECTION_UNKNOWN||267.30731129646
1|Windows||OPENX|Microsoft|641|||10.0|BANNER|12||250||300|USA/TX|||254.48421016334999
1|OS X||PUBMATIC|Apple|501|||10.12|BANNER|12||250||300|USA/NJ|||333.92801880836
1|Android|0|GOOGLE_ADX|LG|560|||8.0|BANNER|12|XL|250||300|USA/NC|||302.11118981242004
1|Android|0|RTK|Samsung|641|||4.2|BANNER|12|L|250||300|USA/TX|CONNECTION_UNKNOWN||206.59992471337
1|Android|0|GOOGLE_ADX|Samsung|513|||8.0|BANNER|12|XL|250||250|USA/MI|||323.40556383132497
1|Windows||GOOGLE_ADX||536|||10.0|BANNER|12||250||300|USA/OH|||93.12791749835
1|Android||PUBMATIC|Samsung|528|||9.0|BANNER|12|XL|250||300|USA/FL|||374.84064698219
1|Windows||OPENX||518|||7.0|BANNER|12||250||300|USA/NC|||34.29615870118
1|Windows|0|TREMOR|Microsoft|||0|10.0|VIDEO|12||||||||337.14529126882496
1|Windows||OPENX|Microsoft|506|||10.0|BANNER|12||250||300|USA/NH|||299.55044388771
1|Android||PUBMATIC|LG|561|||7.0|BANNER|12|XL|250||300|USA/FL|||313.24848532676504
1|OS X||OPENX|Apple|506|||10.14|BANNER|12||250||300|USA/MA|||351.09844058752
1|Android|0|GOOGLE_ADX|Samsung||||9.0|BANNER|12|XL|250||300|Georgia|||351.40179097652
1|OS X|0|TREMOR|Apple|567||0|10.12|VIDEO|12|||||USA/NC|||269.94714513420996
1|Android||INDEX_EXCHANGE|Samsung|602|||8.0|BANNER|12|XL|250||300|USA/IL|||375.89736282825
1|OS X|0|TREMOR|Apple|524||0|10.13|VIDEO|12|||||USA/GA|||417.25099086761
1|Android|0|RUBICON|Samsung|560|||8.0|BANNER|12|XL|250||300|USA/NC|CONNECTION_UNKNOWN||263.126995414495
1|Android|0|RUBICON|Samsung|504|||9.0|BANNER|12|XL|250||300|USA/PA|CONNECTION_UNKNOWN||259.548891335725
1|Windows||PUBMATIC|Microsoft|540|||10.0|BANNER|12||250||300|USA/MI|||179.81523647904
1|Windows||PUBMATIC|Microsoft|535|||10.0|BANNER|12||250||300|USA/OH|||313.10275197029
1|Android|0|APPNEXUS|HTC|602|||8.1|BANNER|12|XL|250||300|USA/IL|CONNECTION_UNKNOWN||424.97046291828
1|Windows||OPENX|Microsoft|862|||10.0|BANNER|12||250||300|USA/CA|||360.461771488185
1|Android|0|GOOGLE_ADX|LG|548|||7.0|BANNER|12|XL|250||300|USA/FL|||266.76690205931504
1|OS X|0|TREMOR|Apple|618||0|10.14|VIDEO|12|||||USA/TX|||359.962955117225
1|OS X|0|TREMOR|Apple|510||0|10.11|VIDEO|12|||||USA/OH|||327.828042209145
1|OS X||PUBMATIC|Apple|569|||10.14|BANNER|12||250||300|USA/VA|||291.43778607249
1|Windows|0|TREMOR||||0|10.0|VIDEO|12|||||CAN/ON|||116.21959507465
1|iOS|0|TREMOR|Apple|635||0|12.0|VIDEO|12|M||||USA/TX|||291.393902152775
1|Windows||PUBMATIC||539|||8.1|BANNER|12||250||300|USA/FL|||24.60179850459
1|Android|0|TREMOR|Samsung|528||0|9.0|VIDEO|12|XL||||USA/FL|||393.598824739455
1|Windows|0|TREMOR||512||0|10.0|VIDEO|12|||||USA/MD|||159.440618008375
1|Windows||OPENX||637|||10.0|BANNER|12||250||300|USA/IA|||73.84484633803
1|Windows||GOOGLE_ADX||511|||10.0|BANNER|12||600||300|USA/VA|||31.688455492255006
1|Android|0|TREMOR|Samsung|659||0|7.1|VIDEO|12|XL||||USA/TN|||324.74938780069
1|Windows|0|TREMOR||511||0|10.0|VIDEO|12|||||USA/MD|||233.51030424237
1|Windows|0|TREMOR|Microsoft|744||0|10.0|VIDEO|12|||||USA/HI|||281.38671070337
1|Android|0|GOOGLE_ADX|Samsung|533|||8.0|BANNER|12|XL|250||300|USA/CT|||301.335547119375
1|Windows|0|TREMOR||510||0|10.0|VIDEO|12|||||USA/OH|||110.93525215983001
1|Windows||INDEX_EXCHANGE||613|||10.0|BANNER|12||250||300|USA/MN|||62.222499400375
1|Android|0|GOOGLE_ADX|Samsung||||6.0|BANNER|12|XL|50||320|USA/GA|||435.540378093715
1|Windows|0|TREMOR||||0|10.0|VIDEO|12|||||JPN/13|||116.21959507465
1|Windows|0|TREMOR||722||0|10.0|VIDEO|12|||||USA/NE|||41.18179902434001
1|Windows|0|RUBICON||506|||10.0|BANNER|12||250||300|USA/MA|CONNECTION_UNKNOWN||109.09609496593
1|Android|0|TREMOR|Samsung|504||0|9.0|VIDEO|12|XL||||USA/PA|||303.41662466526
1|iOS|1|UNITY|Apple|616|unity sdk||12.0|BANNER|12|M|375|1|812|USA/MO|WIFI|1347123739.0|233.28863084316
1|Android|0|RUBICON|Samsung|623|||6.0|BANNER|12|XL|250||300|USA/TX|CONNECTION_UNKNOWN||366.62630736827504
1|iOS|0|TREMOR|Apple|602||0|12.0|VIDEO|12|XL||||USA/IL|||392.87202060222506
1|Android|0|GOOGLE_ADX|Samsung|524|||9.0|BANNER|12|XL|250||300|USA/GA|||435.540378093715
1|Windows|0|TREMOR||560||0|10.0|VIDEO|12|||||USA/NC|||53.054336458440005
1|Windows||GOOGLE_ADX||551|||7.0|BANNER|12||250||300|USA/MI|||42.332466691730005
1|-1||TEST_SOURCE||||||BANNER|12||250||300|FR-H|||97.461398690935
1|OS X|0|TREMOR|Apple|807||0|10.13|VIDEO|12|||||USA/CA|||353.6334633827199
1|iOS|0|GOOGLE_ADX|Apple||||12.0|BANNER|12|M|250||300|Illinois||399355755.0|287.35214844346
1|OS X|0|TREMOR|Apple|501||0|10.12|VIDEO|12|||||USA/NY|||377.92310118675005
1|iOS|0|GOOGLE_ADX|Apple||||12.0|BANNER|12|M|250||300|North Dakota||372648912.0|287.35214844346
1|Windows|0|RUBICON||504|||10.0|BANNER|12||250||300|USA/PA|CONNECTION_UNKNOWN||5.60851767659
1|OS X|0|TREMOR|Apple|762||0|10.13|VIDEO|12|||||USA/MT|||469.19003129005
1|Windows|0|TREMOR||623||0|10.0|VIDEO|12|||||USA/TX|||156.553648412225
1|Android||OPENX|Samsung|652|||8.0|BANNER|12|XL|250||300|USA/NE|||253.12131270766002
1|Windows|0|TREMOR||698||0|7.0|VIDEO|12|||||USA/AL|||134.126264601945
1|iOS|0|TREMOR|Apple|519||0|12.0|VIDEO|12|XL||||USA/SC|||244.287364184855
1|Android|0|GOOGLE_ADX|LG|524|||8.1|BANNER|12|XL|250||250|USA/GA|||449.415072798725
1|iOS|0|TREMOR|Apple|506||0|12.0|VIDEO|12|XL||||USA/MA|||405.12070059776
1|Windows|0|TREMOR||524||0|10.0|VIDEO|12|||||USA/GA|||200.358182191845
1|Windows||PUBMATIC||561|||10.0|BANNER|12||250||300|USA/FL|||45.433454215524996
1|Windows|0|APPNEXUS||751|||10.0|BANNER|12||250||300|USA/CO|CONNECTION_UNKNOWN||46.352352946995
1|Windows||PUBMATIC||501|||7.0|BANNER|12||250||300|USA/NY|||142.272152006625
1|OS X|0|TREMOR|Apple|765||0|10.14|VIDEO|12|||||USA/NM|||131.821148097515
1|Windows|0|TREMOR||||0|7.0|VIDEO|12|||||BRA/GO|||116.21959507465
1|Windows|0|TREMOR||515||0|10.0|VIDEO|12|||||USA/KY|||12.336429208515
1|iOS|0|TREMOR|Apple|||0|12.0|VIDEO|12|XL||||CAN/ON|||368.376448750495
1|iOS|0|RUBICON|Apple|501|||12.0|BANNER|12|M|250||300|USA/NJ|CONNECTION_UNKNOWN||281.8164229393
1|Windows||OPENX|||||10.0|BANNER|12||250||300|IL|||97.461398690935
1|iOS|0|TREMOR|Apple|567||0|12.0|VIDEO|12|XL||||USA/NC|||305.211227387185
1|iOS|0|TREMOR|Apple|||0|12.0|VIDEO|12|XL||||CAN/NS|||368.376448750495
1|Windows|0|TREMOR||506||0|10.0|VIDEO|12|||||USA/MA|||152.96382829546502
1|Android|0|APPNEXUS|Samsung|537|||8.0|BANNER|12|XL|250||300|USA/ME|CELL_UNKNOWN||440.36820530891004
1|OS X|0|TREMOR|Apple|566||0|10.13|VIDEO|12|||||USA/PA|||305.097866803405
1|Windows||OPENX||753|||10.0|BANNER|12||250||300|USA/AZ|||77.548343688245
1|Android||OPENX|LG|506|||8.1|BANNER|12|XL|250||300|USA/MA|||402.020663022995
1|iOS|0|TREMOR|Apple|528||0|10.0|VIDEO|12|XL||||USA/FL|||371.64986133575
1|Windows||PUBMATIC||613|||10.0|BANNER|12||250||300|USA/MN|||62.222499400375
1|Windows|0|TREMOR|Microsoft|506||0|10.0|VIDEO|12|||||USA/NH|||318.30862164497
1|Windows||PUBMATIC||508|||10.0|BANNER|12||250||300|USA/PA|||98.40017184614999
1|Windows||OPENX||637|GOOGLE||10.0|BANNER|12||250||300|USA/IA|||73.84484633803
1|Windows||PUBMATIC||503|||10.0|BANNER|12||250||300|USA/GA|||49.978513270615
1|OS X|0|TREMOR|Apple|825||0|10.14|VIDEO|12|||||USA/CA|||281.178094446655
1|OS X|0|TREMOR|Apple|628||0|10.14|VIDEO|12|||||USA/LA|||400.14825761317996
1|Windows|0|RUBICON||504|||10.0|BANNER|12||250||300|USA/DE|CONNECTION_UNKNOWN||52.732210606334995
1|iOS|0|TREMOR|Apple|||0|12.0|VIDEO|12|XL||||CAN/NS|||368.376448750495
1|iOS|0|TREMOR|Apple|556||0|12.0|VIDEO|12|M||||USA/VA|||221.75520658493
1|Chrome OS|0|TREMOR||533||0||VIDEO|12|||||USA/CT|||66.153351217505
1|Windows|0|RUBICON||556|||10.0|BANNER|12||250||300|USA/VA|CONNECTION_UNKNOWN||0.0
1|OS X|0|TREMOR||790||0|10.14|VIDEO|12|||||USA/NM|||0.0
1|OS X|0|TREMOR||511||0|10.7|VIDEO|12|||||USA/MD|||233.51030424237
1|Windows|0|APPNEXUS||571|||7.0|BANNER|12||250||300|USA/FL|CONNECTION_UNKNOWN||32.430011779065005
1|Windows|0|TREMOR||659||0|10.0|VIDEO|12|||||USA/TN|||70.808995515105
1|Windows||PUBMATIC||524|||10.0|BANNER|12||250||300|USA/GA|||181.600004434585
1|Android|0|RUBICON|Google|504|||9.0|BANNER|12|XL|250||300|USA/PA|CONNECTION_UNKNOWN||282.13495388627
1|Android||OPENX|Samsung|613|||8.0|BANNER|12|XL|250||300|USA/MN|||316.16289168595995
1|OS X|0|TREMOR|Apple|511||0|10.14|VIDEO|12|||||USA/MD|||450.403094291685
1|Android|0|RUBICON|Samsung|511|||7.0|BANNER|12|XL|250||300|USA/DC|CONNECTION_UNKNOWN||272.047743201255
1|Windows|0|TREMOR||508||0|10.0|VIDEO|12|||||USA/PA|||117.158368229865
1|Android|0|RUBICON|Samsung|534|||8.0|BANNER|12|XL|250||300|USA/FL|CONNECTION_UNKNOWN||288.49573805928003
1|Android|0|RUBICON|Samsung|501|||7.0|BANNER|12|XL|250||300|USA/NJ|CONNECTION_UNKNOWN||345.866084098815
1|iOS|0|TREMOR|Apple|602||0|12.0|VIDEO|12|M||||USA/IL|||330.605916678905
1|Windows|0|TREMOR||511||0|7.0|VIDEO|12|||||USA/VA|||50.44665187597
1|iOS|0|TREMOR|Apple|659||0|12|VIDEO|12|XL||||USA/TN|||302.800387144085
1|iOS|0|TREMOR|Apple|511||0|12|VIDEO|12|XL||||USA/VA|||282.43804350495
1|Chrome OS||PUBMATIC||504|||-1|BANNER|12||250||300|USA/PA|||30.71805462241
1|Windows|0|TREMOR||807||0|10|VIDEO|12|||||USA/CA|||136.74065470694998
1|OS X|0|TREMOR|Apple|501||0|10.14|VIDEO|12|||||USA/NJ|||352.686196565625
1|Windows||PUBMATIC|Microsoft|534|||10|BANNER|12||250||300|USA/FL|||280.59061616659005
1|Windows||PUBMATIC|Microsoft|539|||10|BANNER|12||250||300|USA/FL|||245.52753195166503
1|Windows|0|AOL||616|||10|BANNER|12||250||300|USA/MO|||33.899340778585
1|Windows|0|TREMOR|Microsoft|||0|10|VIDEO|12||||||||337.14529126882496
1|Chrome OS||PUBMATIC||612|||-1|BANNER|12||250||300|USA/TX|||82.74497464299
1|Windows||PUBMATIC||506|||8.1|BANNER|12||250||300|USA/MA|||86.61860600113499
1|Android|0|TREMOR|Samsung|||0|8.1|VIDEO|12|XL||||COL/RIS|||322.57292419672
1|Windows|0|TREMOR|Microsoft|560||0|10|VIDEO|12|||||USA/NC|||273.980051279065
1|Android||OPENX|LG|652|||7.1|BANNER|12|XL|250||300|USA/NE|||275.876857340335
1|Android|0|GOOGLE_ADX|LG|807|||7.1|BANNER|12|XL|250||300|USA/CA||com.equalizer.volume.music.bass.booster.tool|394.67841386795
1|Windows|0|TREMOR|Microsoft|511||0|10|VIDEO|12|||||USA/MD|||454.436019062995
1|Windows|0|TREMOR|Microsoft|||0|10|VIDEO|12||||||||337.14529126882496
1|Windows|0|TREMOR||501||0|7|VIDEO|12|||||USA/NY|||161.03034839034
1|Windows|0|TREMOR|Microsoft|548||0|10|VIDEO|12|||||USA/FL|||238.63576352596
1|Windows||PUBMATIC||526|||8.1|BANNER|12||250||300|USA/NY|||54.37923595309
1|Windows|0|TREMOR||612||0|10|VIDEO|12|||||USA/LA|||183.16473811864498
1|Windows|0|TREMOR||525||0|10|VIDEO|12|||||USA/GA|||200.358182191845
1|Chrome OS|0|TREMOR||866||0|-1|VIDEO|12|||||USA/CA|||335.55675297975495
1|Android|0|APPNEXUS|Amazon|506|||5.1|BANNER|12|XL|250||300|USA/MA|CONNECTION_UNKNOWN||309.444312006235
1|Android||PUBMATIC|Samsung|500|||8.0|BANNER|12|XL|250||300|USA/ME|||271.311365067955
1|Windows|0|TREMOR||539||0|7|VIDEO|12|||||USA/FL|||43.360013514754996
1|Android|0|RUBICON|Samsung|547|||9|BANNER|12|XL|250||300|USA/OH|CONNECTION_UNKNOWN||256.0343965888
1|Windows|0|TREMOR||532||0|7|VIDEO|12|||||USA/NY|||57.06140771508
1|iOS|0|TREMOR|Apple|751||0|12|VIDEO|12|XL||||USA/CO|||322.21149653196
1|Windows||PUBMATIC||751|||7|BANNER|12||250||300|USA/CO|||71.461908519265
1|Windows|0|RUBICON|Microsoft|539|||10|BANNER|12||250||300|USA/FL|CONNECTION_UNKNOWN||220.41799500584497
1|Windows|0|TREMOR||501||0|7|VIDEO|12|||||USA/NJ|||135.79340651631
1|Android|0|TEADS|Samsung|505|Teads Technology||7.0|BANNER|12|XL|250||300|USA/MI|||462.32670545578003
1|Windows|0|RUBICON||512|||7|BANNER|12||250||300|USA/MD|CONNECTION_UNKNOWN||115.57290330529
1|Windows|0|TREMOR||||0|10|VIDEO|12|||||CAN/QC|||116.21959507465
1|Android|0|TREMOR|Asus|501||0|7.0|VIDEO|12|XL||||USA/NY|||721.6456532478301
1|OS X|0|TREMOR|Apple|532||0|10.14|VIDEO|12|||||USA/NY|||273.954216390845
1|OS X||PUBMATIC|Apple|618|||10.14|BANNER|12||250||300|USA/TX|||341.20477735995996
1|Android|0|TREMOR||535||0|4.2|VIDEO|12|XL||||USA/OH|||31.222086399789998
1|Windows|0|APPNEXUS||521|||7|BANNER|12||250||300|USA/MA|CONNECTION_UNKNOWN||109.09609496593
1|Windows||OPENX||500|GOOGLE||10|BANNER|12||250||300|USA/ME|||58.42339247465
1|Windows|0|OPENX||517|||10|BANNER|12||250||300|USA/NC|||66.824331879615
1|Windows|0|TREMOR||556||0|10|VIDEO|12|||||USA/VA|||31.864438205954997
1|Windows|0|TREMOR||753||0|7|VIDEO|12|||||USA/AZ|||96.30652144551
1|Windows|0|APPNEXUS||532|||7|BANNER|12||250||300|USA/NY|CELL_UNKNOWN||43.71283575892
1|Android||OPENX|ZTE||||7.1|BANNER|12|L|250||300|USA/NY|||349.85605627298
1|OS X||GOOGLE_ADX|Apple|563|||10.13|BANNER|12||250||250|USA/MI|||259.225275367495
1|Windows|0|APPNEXUS||567|||7|BANNER|12||250||300|USA/SC|CONNECTION_UNKNOWN||0.0
1|Android|1|UNITY|Lenovo||unity sdk|0|5.0|VIDEO|12|L||||BRA/CE|WIFI|es.socialpoint.DragonCity|345.65359354019
1|Windows|0|TREMOR|Microsoft|575||0|10|VIDEO|12|||||USA/TN|||224.35696795582498
1|Windows|0|RUBICON||501|||10|BANNER|12||250||300|USA/NJ|CONNECTION_UNKNOWN||91.925673186775
1|Android|0|GOOGLE_ADX|LG|513|||8.0|BANNER|12|XL|250||300|USA/MI|||296.22782021760503
1|Linux|0|TREMOR||501||0|Ubuntu|VIDEO|12|||||USA/NY|||161.03034839034
1|Windows|0|IMPROVE|||||10|BANNER|12||90||728|PER/LMA|CONNECTION_UNKNOWN||72.351861745115
1|Android|1|UNITY|Samsung||unity sdk|0|8.0|VIDEO|12|XL||1||IND/GJ|CELL_4G|com.nukeboxstudios.foodtruckchef|352.54359245300003
1|OS X|0|TREMOR|Apple|691||0|10.14|VIDEO|12|||||USA/AL|||351.95104777812503
1|Windows|0|APPNEXUS||529|||10.0|BANNER|12||250||300|USA/KY|CELL_UNKNOWN||9.512398391960001
1|Windows|0|TREMOR||564||0|10.0|VIDEO|12|||||USA/KY|||0.0
1|Windows||PUBMATIC|Microsoft|602|||10.0|BANNER|12||250||300|USA/IL|||342.882722616195
1|Windows||PUBMATIC||506|||8.1|BANNER|12||250||300|USA/MA|||134.20565053820502
1|OS X|0|TREMOR|Apple|533||0|10.1|VIDEO|12|||||USA/CT|||283.04615989327
1|OS X|0|RUBICON||751|||10.13|BANNER|12||250||300|USA/CO|CONNECTION_UNKNOWN||46.352352946995
1|Android||INDEX_EXCHANGE|Samsung|506|||7.0|BANNER|12|XL|250||300|USA/MA|||388.14604282378997
1|iOS|0|TREMOR|Apple|566||0|12.0|VIDEO|12|XL||||USA/PA|||340.361967682835
1|Android||THIRTY_THREE_ACROSS|Samsung|501|||8.1|BANNER|12|XL|250||300|USA/NY|||396.21252566576
1|iOS|0|TREMOR|Apple|642||0|12.0|VIDEO|12|XL||||USA/LA|||435.32162904739
1|Windows|0|TREMOR||517||0|10.0|VIDEO|12|||||USA/NC|||85.582509636875
1|OS X|0|TREMOR|Apple|588||0|10.12|VIDEO|12|||||USA/IN|||311.97652220726
1|Android|0|RTK|LG|511|||8.1|BANNER|12|XL|250||300|USA/MD|CONNECTION_UNKNOWN||457.45760202407496
1|Windows|0|TREMOR|Microsoft|534||0|10.0|VIDEO|12|||||USA/FL|||299.348812550305
1|Android|0|GOOGLE_ADX|Samsung|524|||8.0|BANNER|12|XL|250||300|USA/GA||com.equalizer.volume.music.bass.booster.tool|435.540378093715
1|Windows||PUBMATIC||505|||10.0|BANNER|12||250||300|USA/MI|||103.95562276244
1|Windows|0|TREMOR|Microsoft|630||0|10.0|VIDEO|12|||||USA/AL|||355.983972549435
1|Windows|0|TREMOR||501||0|7.0|VIDEO|12|||||USA/NY|||161.03034839034
1|Android||INDEX_EXCHANGE|Amazon|510|||4.0|BANNER|12|XL|250||300|USA/OH|||368.049070239065
1|OS X|0|TREMOR|Apple|528||0|10.13|VIDEO|12|||||USA/FL|||356.55125975608496
1|Windows||PUBMATIC||635|||10.0|BANNER|12||250||300|USA/TX|||82.74497464299
1|Windows||OPENX|Microsoft|518|||10.0|BANNER|12||250||300|USA/NC|||255.22187352179998
1|Windows||PUBMATIC||602|||10.0|BANNER|12||250||300|USA/IL|||121.95698916912
1|OS X||GOOGLE_ADX|Apple|571|||10.13|BANNER|12||250||250|USA/FL|||274.43235740065495
1|Windows|0|APPNEXUS|Microsoft|534|||10.0|BANNER|12||250||300|USA/FL|CONNECTION_UNKNOWN||255.48107922077003
1|Windows|0|TREMOR||648||0|7.0|VIDEO|12|||||USA/IL|||117.772705852985
1|Windows|0|IMPROVE||635|||7.0|BANNER|12||250||300|USA/TX|CONNECTION_UNKNOWN||57.63541907071999
1|OS X|0|TREMOR|Apple|618||0|10.14|VIDEO|12|||||USA/TX|||359.962955117225
1|Android||OPENX|Samsung|510|GOOGLE||8.0|BANNER|12|XL|250||300|USA/OH|||346.117466688155
1|OS X|0|RUBICON|Apple|506|||10.14|BANNER|12||250||300|USA/NH|CONNECTION_UNKNOWN||270.40798217058006
1|Windows||INDEX_EXCHANGE||544|||10.0|BANNER|12||250||300|USA/VA|||42.33710467815
1|Windows||OPENX||518|||10.0|BANNER|12||250||300|USA/NC|||34.29615870118
1|OS X|0|TREMOR|Apple|602||0|10.12|VIDEO|12|||||USA/IL|||357.60797560214496
1|Windows|0|TREMOR|Microsoft|616||0|10.0|VIDEO|12|||||USA/MO|||273.583251982925
1|Windows||INDEX_EXCHANGE||506|||10.0|BANNER|12||250||300|USA/MA|||134.20565053820502
1|Android|1|UNITY|Motorola|546|unity sdk|0|8.1|VIDEO|12|XL||1||USA/SC|WIFI|es.socialpoint.DragonCity|264.737512916325
1|Windows|0|RUBICON||515|||10.0|BANNER|12||250||300|USA/OH|CONNECTION_UNKNOWN||22.566523402925
1|Android|0|GOOGLE_ADX|Huawei|623|||7.0|BANNER|12|XL|250||300|USA/TX|||414.88196700811
1|Android||PUBMATIC|Samsung|573|||9.0|BANNER|12|XL|250||300|USA/VA|||239.16296660900002
1|Windows|0|TREMOR||542||0|8.1|VIDEO|12|||||USA/OH|||110.93525215983001
1|iOS|0|TREMOR|Apple|533||0|10.0|VIDEO|12|XL||||USA/CT|||298.14476147294
1|iOS|0|TREMOR|Apple|512||0|12.0|VIDEO|12|XL||||USA/MD|||411.597490310665
1|Android|0|TREMOR|Samsung|722||0|7.0|VIDEO|12|XL||||USA/NE|||295.122172683475
1|Windows|0|TREMOR||550||0|8.1|VIDEO|12|||||USA/NC|||53.054336458440005
1|Windows|0|TREMOR||505||0|10.0|VIDEO|12|||||USA/MI|||122.71381914615499
1|Windows||OPENX||506|GOOGLE||7.0|BANNER|12||250||300|USA/MA|||134.20565053820502
1|iOS|0|TREMOR|Apple|514||0|10.0|VIDEO|12|XL||||USA/NY|||272.73995801806
1|OS X|0|TREMOR||511||0|10.13|VIDEO|12|||||USA/VA|||50.44665187597
1|iOS|0|GOOGLE_ADX|Apple|514|||12.0|BANNER|12|XL|90||728|USA/NY|||274.14726093411
1|Windows|0|APPNEXUS||501|||10.0|BANNER|12||250||300|USA/CT|CONNECTION_UNKNOWN||113.87726292014
1|OS X|0|TREMOR|Apple|602||0|10.14|VIDEO|12|||||USA/IL|||357.60797560214496
1|Android||PUBMATIC|Amazon|501|||5.1|BANNER|12|XL|250||300|USA/NY|||418.14416646957005
1|Windows|0|TREMOR||602||0|10.0|VIDEO|12|||||USA/IL|||140.71516692638
1|Windows|0|TREMOR|Microsoft|501||0|10.0|VIDEO|12|||||USA/NY|||381.95602595806
1|Windows|0|TREMOR|Microsoft|501||0|10.0|VIDEO|12|||||USA/NJ|||356.719121336935
1|Windows||OPENX||544|||8.1|BANNER|12||250||300|USA/VA|||42.33710467815
1|Android|0|APPNEXUS|Samsung|523|||9.0|BANNER|12|XL|280||336|USA/NY|CELL_UNKNOWN||377.77274847030503
1|iOS|0|TREMOR|Apple|623||0|12.0|VIDEO|12|XL||||USA/TX|||408.71053934097
1|iOS|0|GOOGLE_ADX|Apple|635|||12.0|BANNER|12|XL|250||300|USA/TX||367623543|334.901846945285
1|Windows|0|TREMOR||770||0|10.0|VIDEO|12|||||USA/UT|||52.90064960717999
1|Windows||PUBMATIC|Microsoft|506|||10.0|BANNER|12||250||300|USA/NH|||299.55044388771
1|iOS|0|TREMOR|Apple|505||0|10.0|VIDEO|12|XL||||USA/MI|||354.705229401585
1|Windows||OPENX|Microsoft|571|GOOGLE||10.0|BANNER|12||250||300|USA/FL|||278.46526354550997
1|OS X|0|TREMOR|Apple|839||0|10.12|VIDEO|12|||||USA/NV|||420.80834507942
1|Chrome OS|0|TREMOR||618||0||VIDEO|12|||||USA/TX|||143.070146441455
1|iOS|0|GOOGLE_ADX|Apple|511|||12.0|BANNER|12|M|250||300|USA/VA|||221.57922387123
1|Windows||OPENX|Microsoft|508|||10.0|BANNER|12||250||300|USA/PA|||319.32588666677003
1|OS X|0|TREMOR|Apple|524||0|10.14|VIDEO|12|||||USA/GA|||417.25099086761
1|OS X|0|TREMOR|Apple|548||0|10.14|VIDEO|12|||||USA/FL|||234.602857381105
1|Android|0|GOOGLE_ADX|Motorola||||8.0|BANNER|12|XL|250||300|New Mexico||com.skout.android|266.3485892117
1|Windows||OPENX||533|||10.0|BANNER|12||250||300|USA/CT|||47.395154833789995
1|Windows|0|TREMOR||807||0|10.0|VIDEO|12|||||USA/CA|||136.74065470694998
1|iOS|0|TREMOR|Apple|524||0|12.0|VIDEO|12|M||||USA/GA|||390.24896919726996
1|Windows|0|TREMOR||609||0|10.0|VIDEO|12|||||USA/IL|||129.119139164685
1|Windows|0|TREMOR||538||0|10.0|VIDEO|12|||||USA/NY|||0.0
1|Windows|0|TREMOR|Microsoft|501||0|10.0|VIDEO|12|||||USA/NY|||381.95602595806
1|Android|0|TREMOR|Motorola|529||0|8.0|VIDEO|12|XL||||USA/KY|||191.74816086888003
1|Windows|0|TREMOR|Microsoft|582||0|10.0|VIDEO|12|||||USA/IN|||316.00944697856505
1|Windows||GOOGLE_ADX||504|||7.0|BANNER|12||250||250|USA/NJ|||27.549024671315003
1|Chrome OS|0|TREMOR||527||0||VIDEO|12|||||USA/IN|||76.416954398155
1|Linux|0|TREMOR||524||0||VIDEO|12|||||USA/GA|||200.358182191845
1|Chrome OS|0|TREMOR||682||0||VIDEO|12|||||USA/IL|||104.57357391715
1|OS X|0|TREMOR|Apple|504||0|10.14|VIDEO|12|||||USA/PA|||266.36904105544
1|Windows||PUBMATIC||734|||10.0|BANNER|12||250||300|USA/AR|||39.432551711795
1|Windows|0|RUBICON||602|||10.0|BANNER|12||250||300|USA/IL|CONNECTION_UNKNOWN||96.84743359684501
1|Android|0|TREMOR|Samsung|||0|7.0|VIDEO|12|XL||||CAN/QC|||370.159968733785
1|Windows||THIRTY_THREE_ACROSS||866|||7.0|BANNER|12||250||300|USA/CA|||316.798537969585
1|Windows|0|TREMOR||527||0|10.0|VIDEO|12|||||USA/IN|||76.416954398155
1|Windows|0|TREMOR|Microsoft|560||0|10.0|VIDEO|12|||||USA/NC|||273.980051279065
1|OS X|0|TREMOR|Apple|751||0|10.14|VIDEO|12|||||USA/CO|||307.112894952295
1|Windows|0|TREMOR||||0|7.0|VIDEO|12||||||||116.21959507465
1|OS X|0|TREMOR||505||0|10.11|VIDEO|12|||||USA/MI|||122.71381914615499
1|Windows|0|TREMOR||||0|10.0|VIDEO|12|||||CAN/BC|||116.21959507465
1|Windows|0|TREMOR|Microsoft|571||0|10.0|VIDEO|12|||||USA/FL|||297.22344130277503
1|Windows|0|TREMOR||820||0|7.0|VIDEO|12|||||USA/OR|||121.54173105955
1|Windows|0|TREMOR|Microsoft|803||0|10.0|VIDEO|12|||||USA/CA|||442.96897947788005
1|Windows||OPENX||563|||10.0|BANNER|12||250||300|USA/MI|||42.332466691730005
1|Android|0|PULSEPOINT|Samsung|574|||8.0|BANNER|12|XL|250||300|USA/PA|||275.3359824419
1|iOS|0|TREMOR|Apple|602||0|11.0|VIDEO|12|XL||||USA/IL|||289.047993719575
1|Windows|0|TREMOR||501||0|7.0|VIDEO|12|||||USA/NJ|||135.79340651631
1|Android||INDEX_EXCHANGE|LG|634|||7.0|BANNER|12|XL|250||300|USA/TX|||315.559357404705
1|Windows|0|TREMOR|Microsoft|616||0|10.0|VIDEO|12|||||USA/MO|||273.583251982925
1|Android||INDEX_EXCHANGE||501|||9.0|BANNER|12||250||300|USA/NY|||184.91083756089
1|Android|0|APPNEXUS|Samsung|511|||8.0|BANNER|12|XL|250||300|USA/VA|CONNECTION_UNKNOWN||260.51929220557
1|Windows|0|TREMOR||839||0|10.0|VIDEO|12|||||USA/NV|||203.915536403655
1|Windows|0|TREMOR|Microsoft|560||0|10.0|VIDEO|12|||||USA/NC|||273.980051279065
1|Windows|0|TREMOR||501||0|10.0|VIDEO|12|||||USA/NJ|||135.79340651631
1|Windows||PUBMATIC||517|||7.0|BANNER|12||250||300|USA/NC|||66.824331879615
1|Windows|0|OPENX||511|||10.0|BANNER|12||250||300|USA/MD|||214.752126485105
1|Android|0|RUBICON|LG|501|||8.1|BANNER|12|XL|250||300|USA/NJ|CONNECTION_UNKNOWN||359.740704298015
1|iOS|0|TREMOR|Apple|508||0|12.0|VIDEO|12|XL||||USA/PA|||369.31522190570496
1|Windows|0|APPNEXUS||506|||10.0|BANNER|12||250||300|USA/MA|CONNECTION_UNKNOWN||109.09609496593
1|Windows|0|TREMOR||539||0|7.0|VIDEO|12|||||USA/FL|||43.360013514754996
1|Android|0|RUBICON|Samsung|618|||8.0|BANNER|12|XL|250||300|USA/TX|CONNECTION_UNKNOWN||353.142768144605
1|OS X|0|TREMOR|Apple|544||0|10.13|VIDEO|12|||||USA/VA|||277.98809111118
1|Android||OPENX|Samsung|625|||8.0|BANNER|12|XL|250||300|USA/TX|||301.042962819335
1|Windows|0|TREMOR||511||0|10.0|VIDEO|12|||||USA/MD|||233.51030424237
1|iOS|0|GOOGLE_ADX|Apple|521|||12.0|BANNER|12|M|250||300|USA/MA||295646461|324.096381664275
1|Android|0|TREMOR|Samsung|567||0|7.0|VIDEO|12|XL||||SC|||370.159968733785
1|Android|0|RUBICON|LG|602|||7.0|BANNER|12|XL|250||300|USA/IN|CONNECTION_UNKNOWN||341.97349101305
1|Android||PUBMATIC|Motorola|618|||8.1|BANNER|12|XL|250||300|USA/TX|||293.19914057850497
1|Windows||PUBMATIC||501|||7.0|BANNER|12||250||300|USA/NJ|||117.03522875905001
1|Android|0|TREMOR|Motorola|602||0|8.0|VIDEO|12|XL||||USA/IL|||309.60235744714504
1|Android||OPENX|Samsung|661|||8.0|BANNER|12|XL|250||300|USA/TX|||336.474701762195
1|Windows||INDEX_EXCHANGE||675|||10.0|BANNER|12||250||300|USA/IL|||1.9959919154599999
1|Android||OPENX|HTC|506|||8.0|BANNER|12|XL|250||300|USA/MA|||462.328642606735
1|iOS|0|TREMOR|Apple|512||0|12.0|VIDEO|12|M||||USA/MD|||349.33134913444496
1|Android||THIRTY_THREE_ACROSS|Samsung|512|||9.0|BANNER|12|XL|250||300|USA/MD|||394.62283253669506
1|Android|0|GOOGLE_ADX|Samsung|505|||9.0|BANNER|12|XL|250||300|USA/MI|||357.89601504802505
1|Windows|0|TREMOR||693||0|7.0|VIDEO|12|||||USA/AR|||192.48571246861997
1|OS X|0|APPNEXUS|Apple|506|||10.14|BANNER|12||250||300|USA/MA|CONNECTION_UNKNOWN||325.98890364169995
1|Windows|0|TREMOR||501||0|10.0|VIDEO|12|||||USA/NY|||161.03034839034
1|Windows|0|TREMOR||556||0|10.0|VIDEO|12|||||USA/VA|||31.864438205954997
1|Windows|0|TREMOR||541||0|7.0|VIDEO|12|||||USA/KY|||62.4293833971
1|Windows|0|TREMOR||625||0|8.1|VIDEO|12|||||USA/TX|||65.86076691746501
1|Windows|0|APPNEXUS||556|||10.0|BANNER|12||250||300|USA/VA|CONNECTION_UNKNOWN||0.0
1|iOS|0|TREMOR|Apple|544||0|12.0|VIDEO|12|XL||||USA/VA|||313.25217336416
1|Windows|0|TREMOR||563||0|10.0|VIDEO|12|||||USA/MI|||61.090663075445
1|iOS|0|GOOGLE_ADX|Apple|686|||12.0|BANNER|12|M|250||300|USA/AL|||261.07508689164996
1|OS X|0|TREMOR|Apple|686||0|10.13|VIDEO|12|||||USA/FL|||311.435516923665
